Script started on 2026-09-18 19:49:53+00:00 [TERM="vt220" TTY="/dev/ttyGS0" COLUMNS="80" LINES="24"]
[?2004horin@tegra-ubuntu:~$ sudo dmesg
[?2004l[sudo] password for orin: 
[    0.000000] Booting Linux on physical CPU 0x0000000000 [0x410fd421]
[    0.000000] Linux version 6.8.12-1021-tegra (demo-user@demo) (aarch64-none-linux-gnu-gcc (crosstool-NG 1.26.0) 13.2.0, GNU ld (crosstool-NG 1.26.0) 2.40) #2 SMP PREEMPT Fri Sep 18 09:49:18 MDT 2026 ()
[    0.000000] Hello, kernel!
[    0.000000] KASLR enabled
[    0.000000] Machine model: NVIDIA Jetson AGX Orin Developer Kit
[    0.000000] efi: EFI v2.7 by EDK II
[    0.000000] efi: RTPROP=0x101e4ce698 TPMFinalLog=0x1019f60000 SMBIOS=0xffff0000 SMBIOS 3.0=0x101e0d0000 MEMATTR=0x10190ad018 ESRT=0x10189f1e98 TPMEventLog=0x10189b5018 INITRD=0x10189b7f98 RNG=0x10189b4018 MEMRESERVE=0x10189b7d18 
[    0.000000] random: crng init done
[    0.000000] secureboot: Secure boot disabled
[    0.000000] esrt: Reserving ESRT space from 0x00000010189f1e98 to 0x00000010189f1ed0.
[    0.000000] Reserved memory: created CMA memory pool at 0x0000000ff3e00000, size 512 MiB
[    0.000000] OF: reserved mem: initialized node linux,cma, compatible id shared-dma-pool
[    0.000000] OF: reserved mem: 0x0000000ff3e00000..0x0000001013dfffff (524288 KiB) map reusable linux,cma
[    0.000000] OF: reserved mem: 0x0000001025cc0000..0x0000001025ebffff (2048 KiB) nomap non-reusable ramoops_carveout
[    0.000000] OF: reserved mem: 0x0000001026980000..0x0000001026bfffff (2560 KiB) map non-reusable pva-carveout
[    0.000000] OF: reserved mem: 0x0000001032e00000..0x0000001033dfffff (16384 KiB) nomap non-reusable fsi-carveout
[    0.000000] OF: reserved mem: 0x0000001035e00000..0x000000103666ffff (8640 KiB) nomap non-reusable framebuffer@10,35E00000
[    0.000000] OF: reserved mem: 0x0000001049800000..0x000000107fffffff (892928 KiB) nomap non-reusable vpr-carveout
[    0.000000] NUMA: No NUMA configuration found
[    0.000000] NUMA: Faking a node at [mem 0x0000000080000000-0x000000103fffffff]
[    0.000000] NUMA: NODE_DATA [mem 0x1025b15b00-0x1025b18fff]
[    0.000000] Zone ranges:
[    0.000000]   DMA      [mem 0x0000000080000000-0x00000000ffffffff]
[    0.000000]   DMA32    empty
[    0.000000]   Normal   [mem 0x0000000100000000-0x000000103fffffff]
[    0.000000]   Device   empty
[    0.000000] Movable zone start for each node
[    0.000000] Early memory node ranges
[    0.000000]   node   0: [mem 0x0000000080000000-0x00000000fffdffff]
[    0.000000]   node   0: [mem 0x00000000fffe0000-0x00000000ffffffff]
[    0.000000]   node   0: [mem 0x0000000100000000-0x000000101677ffff]
[    0.000000]   node   0: [mem 0x0000001016780000-0x00000010188affff]
[    0.000000]   node   0: [mem 0x00000010188b0000-0x0000001018acffff]
[    0.000000]   node   0: [mem 0x0000001018ad0000-0x0000001018adffff]
[    0.000000]   node   0: [mem 0x0000001018ae0000-0x0000001019f5ffff]
[    0.000000]   node   0: [mem 0x0000001019f60000-0x0000001019f6ffff]
[    0.000000]   node   0: [mem 0x0000001019f70000-0x000000101c58ffff]
[    0.000000]   node   0: [mem 0x000000101c590000-0x000000101e4cffff]
[    0.000000]   node   0: [mem 0x000000101e4d0000-0x00000010219fffff]
[    0.000000]   node   0: [mem 0x0000001021a00000-0x0000001021bfffff]
[    0.000000]   node   0: [mem 0x0000001021c00000-0x0000001025c6ffff]
[    0.000000]   node   0: [mem 0x000000103c000000-0x000000103fffffff]
[    0.000000] mminit::pageflags_layout_widths Section 0 Node 4 Zone 3 Lastcpupid 16 Kasantag 0 Gen 0 Tier 0 Flags 25
[    0.000000] mminit::pageflags_layout_shifts Section 21 Node 4 Zone 3 Lastcpupid 16 Kasantag 0
[    0.000000] mminit::pageflags_layout_pgshifts Section 0 Node 60 Zone 57 Lastcpupid 41 Kasantag 0
[    0.000000] mminit::pageflags_layout_nodezoneid Node/Zone ID: 64 -> 57
[    0.000000] mminit::pageflags_layout_usage location: 64 -> 41 layout 41 -> 25 unused 25 -> 0 page-flags
[    0.000000] Initmem setup node 0 [mem 0x0000000080000000-0x000000103fffffff]
[    0.000000] mminit::memmap_init Initialising map node 0 zone 0 pfns 524288 -> 1048576
[    0.000000] mminit::memmap_init Initialising map node 0 zone 2 pfns 1048576 -> 17039360
[    0.000000] On node 0, zone Normal: 25488 pages in unavailable ranges
[    0.000000] psci: probing for conduit method from DT.
[    0.000000] psci: PSCIv1.1 detected in firmware.
[    0.000000] psci: Using standard PSCI v0.2 function IDs
[    0.000000] psci: Trusted OS migration not required
[    0.000000] psci: SMC Calling Convention v1.5
[    0.000000] percpu: Embedded 31 pages/cpu s89256 r8192 d29528 u126976
[    0.000000] pcpu-alloc: s89256 r8192 d29528 u126976 alloc=31*4096
[    0.000000] pcpu-alloc: [0] 00 [0] 01 [0] 02 [0] 03 [0] 04 [0] 05 [0] 06 [0] 07 
[    0.000000] pcpu-alloc: [0] 08 [0] 09 [0] 10 [0] 11 
[    0.000000] Detected PIPT I-cache on CPU0
[    0.000000] CPU features: detected: Address authentication (architected QARMA5 algorithm)
[    0.000000] CPU features: detected: GIC system register CPU interface
[    0.000000] CPU features: detected: Virtualization Host Extensions
[    0.000000] CPU features: detected: Spectre-v4
[    0.000000] CPU features: detected: Spectre-BHB
[    0.000000] CPU features: kernel page table isolation forced ON by KASLR
[    0.000000] CPU features: detected: Kernel page table isolation (KPTI)
[    0.000000] alternatives: applying boot alternatives
[    0.000000] Kernel command line: root=PARTUUID=3c491a31-c430-483d-813a-992373ced89a rw rootwait rootfstype=ext4 mminit_loglevel=4 console=ttyTCU0,115200 console=ttyAMA0,115200 firmware_class.path=/etc/firmware fbcon=map:0 video=efifb:off console=tty0 efi_pstore.pstore_disable=1 pstore.backend=ramoops efi=runtime nvme.use_threaded_interrupts=1 swiotlb=2048 pci=pcie_bus_perf bl_prof_dataptr=2031616@0x1021A10000 bl_prof_ro_ptr=65536@0x1021A00000 
[    0.000000] Unknown kernel command line parameters "bl_prof_dataptr=2031616@0x1021A10000 bl_prof_ro_ptr=65536@0x1021A00000", will be passed to user space.
[    0.000000] Dentry cache hash table entries: 8388608 (order: 14, 67108864 bytes, linear)
[    0.000000] Inode-cache hash table entries: 4194304 (order: 13, 33554432 bytes, linear)
[    0.000000] Fallback order for Node 0: 0 
[    0.000000] mminit::zonelist general 0:DMA = 0:DMA 
[    0.000000] mminit::zonelist general 0:Normal = 0:Normal 0:DMA 
[    0.000000] mminit::zonelist thisnode 0:DMA = 0:DMA 
[    0.000000] mminit::zonelist thisnode 0:Normal = 0:Normal 0:DMA 
[    0.000000] Built 1 zonelists, mobility grouping on.  Total pages: 16166000
[    0.000000] Policy zone: Normal
[    0.000000] mem auto-init: stack:all(zero), heap alloc:off, heap free:off
[    0.000000] software IO TLB: area num 16.
[    0.000000] software IO TLB: mapped [mem 0x00000000ffbe0000-0x00000000fffe0000] (4MB)
[    0.000000] Memory: 63839200K/65696192K available (20288K kernel code, 5878K rwdata, 13324K rodata, 11584K init, 640K bss, 1332704K reserved, 524288K cma-reserved)
[    0.000000] SLUB: HWalign=64, Order=0-3, MinObjects=0, CPUs=12, Nodes=1
[    0.000000] rcu: Preemptible hierarchical RCU implementation.
[    0.000000] rcu: 	RCU event tracing is enabled.
[    0.000000] rcu: 	RCU restricting CPUs from NR_CPUS=256 to nr_cpu_ids=12.
[    0.000000] 	Trampoline variant of Tasks RCU enabled.
[    0.000000] 	Tracing variant of Tasks RCU enabled.
[    0.000000] rcu: RCU calculated value of scheduler-enlistment delay is 25 jiffies.
[    0.000000] rcu: Adjusting geometry for rcu_fanout_leaf=16, nr_cpu_ids=12
[    0.000000] RCU Tasks: Setting shift to 4 and lim to 1 rcu_task_cb_adjust=1 rcu_task_cpu_ids=12.
[    0.000000] RCU Tasks Trace: Setting shift to 4 and lim to 1 rcu_task_cb_adjust=1 rcu_task_cpu_ids=12.
[    0.000000] NR_IRQS: 64, nr_irqs: 64, preallocated irqs: 0
[    0.000000] GICv3: GIC: Using split EOI/Deactivate mode
[    0.000000] GICv3: 960 SPIs implemented
[    0.000000] GICv3: 0 Extended SPIs implemented
[    0.000000] Root IRQ handler: gic_handle_irq
[    0.000000] GICv3: GICv3 features: 16 PPIs
[    0.000000] GICv3: CPU0: found redistributor 0 region 0:0x000000000f440000
[    0.000000] rcu: srcu_init: Setting srcu_struct sizes based on contention.
[    0.000000] arch_timer: cp15 timer(s) running at 31.25MHz (phys).
[    0.000000] clocksource: arch_sys_counter: mask: 0xffffffffffffff max_cycles: 0xe6a171046, max_idle_ns: 881590405314 ns
[    0.000000] sched_clock: 56 bits at 31MHz, resolution 32ns, wraps every 4398046511088ns
[    0.000351] Console: colour dummy device 80x25
[    0.000357] printk: legacy console [tty0] enabled
[    0.000529] Calibrating delay loop (skipped), value calculated using timer frequency.. 62.50 BogoMIPS (lpj=125000)
[    0.000536] pid_max: default: 32768 minimum: 301
[    0.000579] LSM: initializing lsm=capability,landlock,yama,apparmor,integrity
[    0.000589] landlock: Up and running.
[    0.000591] Yama: becoming mindful.
[    0.000621] AppArmor: AppArmor initialized
[    0.000689] Mount-cache hash table entries: 131072 (order: 8, 1048576 bytes, linear)
[    0.000735] Mountpoint-cache hash table entries: 131072 (order: 8, 1048576 bytes, linear)
[    0.001762] rcu: Hierarchical SRCU implementation.
[    0.001768] rcu: 	Max phase no-delay instances is 1000.
[    0.003223] Tegra Revision: A01 SKU: 208 CPU Process: 0 SoC Process: 0
[    0.004444] Remapping and enabling EFI services.
[    0.005074] smp: Bringing up secondary CPUs ...
[    0.005341] Detected PIPT I-cache on CPU1
[    0.005374] GICv3: CPU1: found redistributor 100 region 0:0x000000000f460000
[    0.005388] CPU1: Booted secondary processor 0x0000000100 [0x410fd421]
[    0.005641] Detected PIPT I-cache on CPU2
[    0.005659] GICv3: CPU2: found redistributor 200 region 0:0x000000000f480000
[    0.005668] CPU2: Booted secondary processor 0x0000000200 [0x410fd421]
[    0.005900] Detected PIPT I-cache on CPU3
[    0.005917] GICv3: CPU3: found redistributor 300 region 0:0x000000000f4a0000
[    0.005925] CPU3: Booted secondary processor 0x0000000300 [0x410fd421]
[    0.008048] Detected PIPT I-cache on CPU4
[    0.008083] GICv3: CPU4: found redistributor 10000 region 0:0x000000000f4c0000
[    0.008098] CPU4: Booted secondary processor 0x0000010000 [0x410fd421]
[    0.008358] Detected PIPT I-cache on CPU5
[    0.008377] GICv3: CPU5: found redistributor 10100 region 0:0x000000000f4e0000
[    0.008387] CPU5: Booted secondary processor 0x0000010100 [0x410fd421]
[    0.008643] Detected PIPT I-cache on CPU6
[    0.008663] GICv3: CPU6: found redistributor 10200 region 0:0x000000000f500000
[    0.008672] CPU6: Booted secondary processor 0x0000010200 [0x410fd421]
[    0.008914] Detected PIPT I-cache on CPU7
[    0.008934] GICv3: CPU7: found redistributor 10300 region 0:0x000000000f520000
[    0.008942] CPU7: Booted secondary processor 0x0000010300 [0x410fd421]
[    0.011064] Detected PIPT I-cache on CPU8
[    0.011102] GICv3: CPU8: found redistributor 20000 region 0:0x000000000f540000
[    0.011117] CPU8: Booted secondary processor 0x0000020000 [0x410fd421]
[    0.011377] Detected PIPT I-cache on CPU9
[    0.011399] GICv3: CPU9: found redistributor 20100 region 0:0x000000000f560000
[    0.011407] CPU9: Booted secondary processor 0x0000020100 [0x410fd421]
[    0.011654] Detected PIPT I-cache on CPU10
[    0.011675] GICv3: CPU10: found redistributor 20200 region 0:0x000000000f580000
[    0.011684] CPU10: Booted secondary processor 0x0000020200 [0x410fd421]
[    0.011923] Detected PIPT I-cache on CPU11
[    0.011946] GICv3: CPU11: found redistributor 20300 region 0:0x000000000f5a0000
[    0.011956] CPU11: Booted secondary processor 0x0000020300 [0x410fd421]
[    0.011997] smp: Brought up 1 node, 12 CPUs
[    0.012046] SMP: Total of 12 processors activated.
[    0.012049] CPU: All CPU(s) started at EL2
[    0.012051] CPU features: detected: 32-bit EL0 Support
[    0.012053] CPU features: detected: Data cache clean to the PoU not required for I/D coherence
[    0.012057] CPU features: detected: Common not Private translations
[    0.012059] CPU features: detected: CRC32 instructions
[    0.012061] CPU features: detected: Data cache clean to Point of Persistence
[    0.012064] CPU features: detected: Generic authentication (architected QARMA5 algorithm)
[    0.012067] CPU features: detected: RCpc load-acquire (LDAPR)
[    0.012069] CPU features: detected: LSE atomic instructions
[    0.012072] CPU features: detected: Privileged Access Never
[    0.012074] CPU features: detected: RAS Extension Support
[    0.012077] CPU features: detected: Speculative Store Bypassing Safe (SSBS)
[    0.012124] alternatives: applying system-wide alternatives
[    0.014749] CPU features: detected: Hardware dirty bit management on CPU0-11
[    0.015942] devtmpfs: initialized
[    0.026701] clocksource: jiffies: mask: 0xffffffff max_cycles: 0xffffffff, max_idle_ns: 7645041785100000 ns
[    0.026712] futex hash table entries: 4096 (order: 6, 262144 bytes, linear)
[    0.029284] pinctrl core: initialized pinctrl subsystem
[    0.030525] SMBIOS 3.6.0 present.
[    0.030533] DMI: NVIDIA NVIDIA Jetson AGX Orin Developer Kit/Jetson, BIOS 39.2.1-gcid-46758480 08/07/2026
[    0.030820] NET: Registered PF_NETLINK/PF_ROUTE protocol family
[    0.031441] DMA: preallocated 8192 KiB GFP_KERNEL pool for atomic allocations
[    0.031690] DMA: preallocated 8192 KiB GFP_KERNEL|GFP_DMA pool for atomic allocations
[    0.031934] DMA: preallocated 8192 KiB GFP_KERNEL|GFP_DMA32 pool for atomic allocations
[    0.031948] audit: initializing netlink subsys (disabled)
[    0.032024] audit: type=2000 audit(0.028:1): state=initialized audit_enabled=0 res=1
[    0.032765] thermal_sys: Registered thermal governor 'step_wise'
[    0.032768] thermal_sys: Registered thermal governor 'user_space'
[    0.032773] thermal_sys: Registered thermal governor 'power_allocator'
[    0.032794] cpuidle: using governor menu
[    0.032901] hw-breakpoint: found 6 breakpoint and 4 watchpoint registers.
[    0.032974] ASID allocator initialised with 32768 entries
[    0.033725] Serial: AMBA PL011 UART driver
[    0.038464] /bus@0/aconnect@2900000/ahub@2900800: Fixed dependency cycle(s) with /bus@0/aconnect@2900000/ahub@2900800/processing-engine@2908000
[    0.038474] /bus@0/aconnect@2900000/ahub@2900800: Fixed dependency cycle(s) with /bus@0/aconnect@2900000/ahub@2900800/asrc@2910000
[    0.038480] /bus@0/aconnect@2900000/ahub@2900800: Fixed dependency cycle(s) with /bus@0/aconnect@2900000/ahub@2900800/amixer@290bb00
[    0.038485] /bus@0/aconnect@2900000/ahub@2900800: Fixed dependency cycle(s) with /bus@0/aconnect@2900000/ahub@2900800/adx@2903b00
[    0.038490] /bus@0/aconnect@2900000/ahub@2900800: Fixed dependency cycle(s) with /bus@0/aconnect@2900000/ahub@2900800/adx@2903a00
[    0.038495] /bus@0/aconnect@2900000/ahub@2900800: Fixed dependency cycle(s) with /bus@0/aconnect@2900000/ahub@2900800/adx@2903900
[    0.038500] /bus@0/aconnect@2900000/ahub@2900800: Fixed dependency cycle(s) with /bus@0/aconnect@2900000/ahub@2900800/adx@2903800
[    0.038505] /bus@0/aconnect@2900000/ahub@2900800: Fixed dependency cycle(s) with /bus@0/aconnect@2900000/ahub@2900800/amx@2903300
[    0.038509] /bus@0/aconnect@2900000/ahub@2900800: Fixed dependency cycle(s) with /bus@0/aconnect@2900000/ahub@2900800/amx@2903200
[    0.038514] /bus@0/aconnect@2900000/ahub@2900800: Fixed dependency cycle(s) with /bus@0/aconnect@2900000/ahub@2900800/amx@2903100
[    0.038519] /bus@0/aconnect@2900000/ahub@2900800: Fixed dependency cycle(s) with /bus@0/aconnect@2900000/ahub@2900800/amx@2903000
[    0.038524] /bus@0/aconnect@2900000/ahub@2900800: Fixed dependency cycle(s) with /bus@0/aconnect@2900000/ahub@2900800/mvc@290a200
[    0.038529] /bus@0/aconnect@2900000/ahub@2900800: Fixed dependency cycle(s) with /bus@0/aconnect@2900000/ahub@2900800/mvc@290a000
[    0.038533] /bus@0/aconnect@2900000/ahub@2900800: Fixed dependency cycle(s) with /bus@0/aconnect@2900000/ahub@2900800/sfc@2902600
[    0.038538] /bus@0/aconnect@2900000/ahub@2900800: Fixed dependency cycle(s) with /bus@0/aconnect@2900000/ahub@2900800/sfc@2902400
[    0.038543] /bus@0/aconnect@2900000/ahub@2900800: Fixed dependency cycle(s) with /bus@0/aconnect@2900000/ahub@2900800/sfc@2902200
[    0.038548] /bus@0/aconnect@2900000/ahub@2900800: Fixed dependency cycle(s) with /bus@0/aconnect@2900000/ahub@2900800/sfc@2902000
[    0.038553] /bus@0/aconnect@2900000/ahub@2900800: Fixed dependency cycle(s) with /bus@0/aconnect@2900000/ahub@2900800/dmic@2904200
[    0.038558] /bus@0/aconnect@2900000/ahub@2900800: Fixed dependency cycle(s) with /bus@0/aconnect@2900000/ahub@2900800/i2s@2901500
[    0.038563] /bus@0/aconnect@2900000/ahub@2900800: Fixed dependency cycle(s) with /bus@0/aconnect@2900000/ahub@2900800/i2s@2901300
[    0.038568] /bus@0/aconnect@2900000/ahub@2900800: Fixed dependency cycle(s) with /bus@0/aconnect@2900000/ahub@2900800/i2s@2901100
[    0.038573] /bus@0/aconnect@2900000/ahub@2900800: Fixed dependency cycle(s) with /bus@0/aconnect@2900000/ahub@2900800/i2s@2901000
[    0.038579] /bus@0/aconnect@2900000/ahub@2900800: Fixed dependency cycle(s) with /bus@0/aconnect@2900000/ahub@2900800/admaif@290f000
[    0.038584] /bus@0/aconnect@2900000/ahub@2900800/i2s@2901000: Fixed dependency cycle(s) with /bus@0/i2c@31e0000/audio-codec@1c
[    0.038593] /bus@0/aconnect@2900000/ahub@2900800/i2s@2901000: Fixed dependency cycle(s) with /bus@0/aconnect@2900000/ahub@2900800
[    0.038603] /bus@0/aconnect@2900000/ahub@2900800/i2s@2901100: Fixed dependency cycle(s) with /bus@0/aconnect@2900000/ahub@2900800
[    0.038613] /bus@0/aconnect@2900000/ahub@2900800/i2s@2901300: Fixed dependency cycle(s) with /bus@0/aconnect@2900000/ahub@2900800
[    0.038624] /bus@0/aconnect@2900000/ahub@2900800/i2s@2901500: Fixed dependency cycle(s) with /bus@0/aconnect@2900000/ahub@2900800
[    0.038633] /bus@0/aconnect@2900000/ahub@2900800/sfc@2902000: Fixed dependency cycle(s) with /bus@0/aconnect@2900000/ahub@2900800
[    0.038643] /bus@0/aconnect@2900000/ahub@2900800/sfc@2902200: Fixed dependency cycle(s) with /bus@0/aconnect@2900000/ahub@2900800
[    0.038652] /bus@0/aconnect@2900000/ahub@2900800/sfc@2902400: Fixed dependency cycle(s) with /bus@0/aconnect@2900000/ahub@2900800
[    0.038662] /bus@0/aconnect@2900000/ahub@2900800/sfc@2902600: Fixed dependency cycle(s) with /bus@0/aconnect@2900000/ahub@2900800
[    0.038672] /bus@0/aconnect@2900000/ahub@2900800/amx@2903000: Fixed dependency cycle(s) with /bus@0/aconnect@2900000/ahub@2900800
[    0.038683] /bus@0/aconnect@2900000/ahub@2900800/amx@2903100: Fixed dependency cycle(s) with /bus@0/aconnect@2900000/ahub@2900800
[    0.038693] /bus@0/aconnect@2900000/ahub@2900800/amx@2903200: Fixed dependency cycle(s) with /bus@0/aconnect@2900000/ahub@2900800
[    0.038704] /bus@0/aconnect@2900000/ahub@2900800/amx@2903300: Fixed dependency cycle(s) with /bus@0/aconnect@2900000/ahub@2900800
[    0.038715] /bus@0/aconnect@2900000/ahub@2900800/adx@2903800: Fixed dependency cycle(s) with /bus@0/aconnect@2900000/ahub@2900800
[    0.038725] /bus@0/aconnect@2900000/ahub@2900800/adx@2903900: Fixed dependency cycle(s) with /bus@0/aconnect@2900000/ahub@2900800
[    0.038735] /bus@0/aconnect@2900000/ahub@2900800/adx@2903a00: Fixed dependency cycle(s) with /bus@0/aconnect@2900000/ahub@2900800
[    0.038745] /bus@0/aconnect@2900000/ahub@2900800/adx@2903b00: Fixed dependency cycle(s) with /bus@0/aconnect@2900000/ahub@2900800
[    0.038756] /bus@0/aconnect@2900000/ahub@2900800/dmic@2904200: Fixed dependency cycle(s) with /bus@0/aconnect@2900000/ahub@2900800
[    0.038772] /bus@0/aconnect@2900000/ahub@2900800/processing-engine@2908000: Fixed dependency cycle(s) with /bus@0/aconnect@2900000/ahub@2900800
[    0.038782] /bus@0/aconnect@2900000/ahub@2900800/mvc@290a000: Fixed dependency cycle(s) with /bus@0/aconnect@2900000/ahub@2900800
[    0.038792] /bus@0/aconnect@2900000/ahub@2900800/mvc@290a200: Fixed dependency cycle(s) with /bus@0/aconnect@2900000/ahub@2900800
[    0.038802] /bus@0/aconnect@2900000/ahub@2900800/amixer@290bb00: Fixed dependency cycle(s) with /bus@0/aconnect@2900000/ahub@2900800
[    0.038814] /bus@0/aconnect@2900000/ahub@2900800/admaif@290f000: Fixed dependency cycle(s) with /bus@0/aconnect@2900000/ahub@2900800
[    0.038828] /bus@0/aconnect@2900000/ahub@2900800/asrc@2910000: Fixed dependency cycle(s) with /bus@0/aconnect@2900000/ahub@2900800
[    0.038876] /bus@0/i2c@31e0000/audio-codec@1c: Fixed dependency cycle(s) with /bus@0/aconnect@2900000/ahub@2900800/i2s@2901000
[    0.038897] /bus@0/padctl@3520000/ports/usb2-0: Fixed dependency cycle(s) with /bus@0/i2c@c240000/typec@8/connector@1
[    0.038903] /bus@0/padctl@3520000/ports/usb2-1: Fixed dependency cycle(s) with /bus@0/i2c@c240000/typec@8/connector@0
[    0.038910] /bus@0/padctl@3520000/ports/usb3-0: Fixed dependency cycle(s) with /bus@0/i2c@c240000/typec@8/connector@0
[    0.038916] /bus@0/padctl@3520000/ports/usb3-1: Fixed dependency cycle(s) with /bus@0/i2c@c240000/typec@8/connector@1
[    0.038941] /bus@0/i2c@c240000/typec@8/connector@0: Fixed dependency cycle(s) with /bus@0/padctl@3520000/ports/usb3-0
[    0.038947] /bus@0/i2c@c240000/typec@8/connector@0: Fixed dependency cycle(s) with /bus@0/padctl@3520000/ports/usb2-1
[    0.038953] /bus@0/i2c@c240000/typec@8/connector@1: Fixed dependency cycle(s) with /bus@0/padctl@3520000/ports/usb3-1
[    0.038958] /bus@0/i2c@c240000/typec@8/connector@1: Fixed dependency cycle(s) with /bus@0/padctl@3520000/ports/usb2-0
[    0.038969] /bus@0/interrupt-controller@f400000: Fixed dependency cycle(s) with /bus@0/interrupt-controller@f400000
[    0.039014] /bus@0/aon@c000000: Fixed dependency cycle(s) with /bus@0/aon@c000000
[    0.039494] /bus@0/aconnect@2900000/ahub@2900800: Fixed dependency cycle(s) with /bus@0/aconnect@2900000/ahub@2900800/processing-engine@2908000
[    0.039502] /bus@0/aconnect@2900000/ahub@2900800: Fixed dependency cycle(s) with /bus@0/aconnect@2900000/ahub@2900800/asrc@2910000
[    0.039508] /bus@0/aconnect@2900000/ahub@2900800: Fixed dependency cycle(s) with /bus@0/aconnect@2900000/ahub@2900800/amixer@290bb00
[    0.039513] /bus@0/aconnect@2900000/ahub@2900800: Fixed dependency cycle(s) with /bus@0/aconnect@2900000/ahub@2900800/adx@2903b00
[    0.039518] /bus@0/aconnect@2900000/ahub@2900800: Fixed dependency cycle(s) with /bus@0/aconnect@2900000/ahub@2900800/adx@2903a00
[    0.039523] /bus@0/aconnect@2900000/ahub@2900800: Fixed dependency cycle(s) with /bus@0/aconnect@2900000/ahub@2900800/adx@2903900
[    0.039528] /bus@0/aconnect@2900000/ahub@2900800: Fixed dependency cycle(s) with /bus@0/aconnect@2900000/ahub@2900800/adx@2903800
[    0.039533] /bus@0/aconnect@2900000/ahub@2900800: Fixed dependency cycle(s) with /bus@0/aconnect@2900000/ahub@2900800/amx@2903300
[    0.039538] /bus@0/aconnect@2900000/ahub@2900800: Fixed dependency cycle(s) with /bus@0/aconnect@2900000/ahub@2900800/amx@2903200
[    0.039543] /bus@0/aconnect@2900000/ahub@2900800: Fixed dependency cycle(s) with /bus@0/aconnect@2900000/ahub@2900800/amx@2903100
[    0.039548] /bus@0/aconnect@2900000/ahub@2900800: Fixed dependency cycle(s) with /bus@0/aconnect@2900000/ahub@2900800/amx@2903000
[    0.039552] /bus@0/aconnect@2900000/ahub@2900800: Fixed dependency cycle(s) with /bus@0/aconnect@2900000/ahub@2900800/mvc@290a200
[    0.039557] /bus@0/aconnect@2900000/ahub@2900800: Fixed dependency cycle(s) with /bus@0/aconnect@2900000/ahub@2900800/mvc@290a000
[    0.039562] /bus@0/aconnect@2900000/ahub@2900800: Fixed dependency cycle(s) with /bus@0/aconnect@2900000/ahub@2900800/sfc@2902600
[    0.039567] /bus@0/aconnect@2900000/ahub@2900800: Fixed dependency cycle(s) with /bus@0/aconnect@2900000/ahub@2900800/sfc@2902400
[    0.039572] /bus@0/aconnect@2900000/ahub@2900800: Fixed dependency cycle(s) with /bus@0/aconnect@2900000/ahub@2900800/sfc@2902200
[    0.039577] /bus@0/aconnect@2900000/ahub@2900800: Fixed dependency cycle(s) with /bus@0/aconnect@2900000/ahub@2900800/sfc@2902000
[    0.039582] /bus@0/aconnect@2900000/ahub@2900800: Fixed dependency cycle(s) with /bus@0/aconnect@2900000/ahub@2900800/dmic@2904200
[    0.039587] /bus@0/aconnect@2900000/ahub@2900800: Fixed dependency cycle(s) with /bus@0/aconnect@2900000/ahub@2900800/i2s@2901500
[    0.039591] /bus@0/aconnect@2900000/ahub@2900800: Fixed dependency cycle(s) with /bus@0/aconnect@2900000/ahub@2900800/i2s@2901300
[    0.039596] /bus@0/aconnect@2900000/ahub@2900800: Fixed dependency cycle(s) with /bus@0/aconnect@2900000/ahub@2900800/i2s@2901100
[    0.039602] /bus@0/aconnect@2900000/ahub@2900800: Fixed dependency cycle(s) with /bus@0/aconnect@2900000/ahub@2900800/i2s@2901000
[    0.039607] /bus@0/aconnect@2900000/ahub@2900800: Fixed dependency cycle(s) with /bus@0/aconnect@2900000/ahub@2900800/admaif@290f000
[    0.039613] /bus@0/aconnect@2900000/ahub@2900800/i2s@2901000: Fixed dependency cycle(s) with /bus@0/i2c@31e0000/audio-codec@1c
[    0.039623] /bus@0/aconnect@2900000/ahub@2900800/i2s@2901000: Fixed dependency cycle(s) with /bus@0/aconnect@2900000/ahub@2900800
[    0.039634] /bus@0/aconnect@2900000/ahub@2900800/i2s@2901100: Fixed dependency cycle(s) with /bus@0/aconnect@2900000/ahub@2900800
[    0.039646] /bus@0/aconnect@2900000/ahub@2900800/i2s@2901300: Fixed dependency cycle(s) with /bus@0/aconnect@2900000/ahub@2900800
[    0.039657] /bus@0/aconnect@2900000/ahub@2900800/i2s@2901500: Fixed dependency cycle(s) with /bus@0/aconnect@2900000/ahub@2900800
[    0.039668] /bus@0/aconnect@2900000/ahub@2900800/sfc@2902000: Fixed dependency cycle(s) with /bus@0/aconnect@2900000/ahub@2900800
[    0.039679] /bus@0/aconnect@2900000/ahub@2900800/sfc@2902200: Fixed dependency cycle(s) with /bus@0/aconnect@2900000/ahub@2900800
[    0.039690] /bus@0/aconnect@2900000/ahub@2900800/sfc@2902400: Fixed dependency cycle(s) with /bus@0/aconnect@2900000/ahub@2900800
[    0.039701] /bus@0/aconnect@2900000/ahub@2900800/sfc@2902600: Fixed dependency cycle(s) with /bus@0/aconnect@2900000/ahub@2900800
[    0.039712] /bus@0/aconnect@2900000/ahub@2900800/amx@2903000: Fixed dependency cycle(s) with /bus@0/aconnect@2900000/ahub@2900800
[    0.039724] /bus@0/aconnect@2900000/ahub@2900800/amx@2903100: Fixed dependency cycle(s) with /bus@0/aconnect@2900000/ahub@2900800
[    0.039736] /bus@0/aconnect@2900000/ahub@2900800/amx@2903200: Fixed dependency cycle(s) with /bus@0/aconnect@2900000/ahub@2900800
[    0.039747] /bus@0/aconnect@2900000/ahub@2900800/amx@2903300: Fixed dependency cycle(s) with /bus@0/aconnect@2900000/ahub@2900800
[    0.039759] /bus@0/aconnect@2900000/ahub@2900800/adx@2903800: Fixed dependency cycle(s) with /bus@0/aconnect@2900000/ahub@2900800
[    0.039770] /bus@0/aconnect@2900000/ahub@2900800/adx@2903900: Fixed dependency cycle(s) with /bus@0/aconnect@2900000/ahub@2900800
[    0.039782] /bus@0/aconnect@2900000/ahub@2900800/adx@2903a00: Fixed dependency cycle(s) with /bus@0/aconnect@2900000/ahub@2900800
[    0.039794] /bus@0/aconnect@2900000/ahub@2900800/adx@2903b00: Fixed dependency cycle(s) with /bus@0/aconnect@2900000/ahub@2900800
[    0.039805] /bus@0/aconnect@2900000/ahub@2900800/dmic@2904200: Fixed dependency cycle(s) with /bus@0/aconnect@2900000/ahub@2900800
[    0.039817] /bus@0/aconnect@2900000/ahub@2900800/processing-engine@2908000: Fixed dependency cycle(s) with /bus@0/aconnect@2900000/ahub@2900800
[    0.039829] /bus@0/aconnect@2900000/ahub@2900800/mvc@290a000: Fixed dependency cycle(s) with /bus@0/aconnect@2900000/ahub@2900800
[    0.039839] /bus@0/aconnect@2900000/ahub@2900800/mvc@290a200: Fixed dependency cycle(s) with /bus@0/aconnect@2900000/ahub@2900800
[    0.039851] /bus@0/aconnect@2900000/ahub@2900800/amixer@290bb00: Fixed dependency cycle(s) with /bus@0/aconnect@2900000/ahub@2900800
[    0.039864] /bus@0/aconnect@2900000/ahub@2900800/admaif@290f000: Fixed dependency cycle(s) with /bus@0/aconnect@2900000/ahub@2900800
[    0.039879] /bus@0/aconnect@2900000/ahub@2900800/asrc@2910000: Fixed dependency cycle(s) with /bus@0/aconnect@2900000/ahub@2900800
[    0.040671] 31d0000.serial: ttyAMA0 at MMIO 0x31d0000 (irq = 15, base_baud = 0) is a SBSA
[    0.040684] printk: legacy console [ttyAMA0] enabled
[    2.397992] /bus@0/i2c@31e0000/audio-codec@1c: Fixed dependency cycle(s) with /bus@0/aconnect@2900000/ahub@2900800/i2s@2901000
[    2.410055] /bus@0/padctl@3520000/ports/usb2-0: Fixed dependency cycle(s) with /bus@0/i2c@c240000/typec@8/connector@1
[    2.420695] /bus@0/padctl@3520000/ports/usb2-1: Fixed dependency cycle(s) with /bus@0/i2c@c240000/typec@8/connector@0
[    2.431331] /bus@0/padctl@3520000/ports/usb3-0: Fixed dependency cycle(s) with /bus@0/i2c@c240000/typec@8/connector@0
[    2.441964] /bus@0/padctl@3520000/ports/usb3-1: Fixed dependency cycle(s) with /bus@0/i2c@c240000/typec@8/connector@1
[    2.454452] /bus@0/i2c@c240000/typec@8/connector@0: Fixed dependency cycle(s) with /bus@0/padctl@3520000/ports/usb3-0
[    2.465092] /bus@0/i2c@c240000/typec@8/connector@0: Fixed dependency cycle(s) with /bus@0/padctl@3520000/ports/usb2-1
[    2.475727] /bus@0/i2c@c240000/typec@8/connector@1: Fixed dependency cycle(s) with /bus@0/padctl@3520000/ports/usb3-1
[    2.486360] /bus@0/i2c@c240000/typec@8/connector@1: Fixed dependency cycle(s) with /bus@0/padctl@3520000/ports/usb2-0
[    2.498923] /bus@0/aon@c000000: Fixed dependency cycle(s) with /bus@0/aon@c000000
[    2.506999] /bus@0/memory-controller@2c00000/external-memory-controller@2c60000: Fixed dependency cycle(s) with /bpmp
[    2.517673] /bpmp: Fixed dependency cycle(s) with /bus@0/memory-controller@2c00000/external-memory-controller@2c60000
[    2.531045] Modules: 2G module region forced by RANDOMIZE_MODULE_REGION_FULL
[    2.538114] Modules: 0 pages in range for non-PLT usage
[    2.538116] Modules: 511296 pages in range for PLT usage
[    2.543600] HugeTLB: registered 1.00 GiB page size, pre-allocated 0 pages
[    2.555727] HugeTLB: 0 KiB vmemmap can be freed for a 1.00 GiB page
[    2.562005] HugeTLB: registered 32.0 MiB page size, pre-allocated 0 pages
[    2.568803] HugeTLB: 0 KiB vmemmap can be freed for a 32.0 MiB page
[    2.575080] HugeTLB: registered 2.00 MiB page size, pre-allocated 0 pages
[    2.581879] HugeTLB: 0 KiB vmemmap can be freed for a 2.00 MiB page
[    2.588167] HugeTLB: registered 64.0 KiB page size, pre-allocated 0 pages
[    2.594975] HugeTLB: 0 KiB vmemmap can be freed for a 64.0 KiB page
[    2.601895] ACPI: Interpreter disabled.
[    2.606811] iommu: Default domain type: Translated
[    2.611618] iommu: DMA domain TLB invalidation policy: strict mode
[    2.618097] SCSI subsystem initialized
[    2.621889] libata version 3.00 loaded.
[    2.621940] usbcore: registered new interface driver usbfs
[    2.627446] usbcore: registered new interface driver hub
[    2.632780] usbcore: registered new device driver usb
[    2.638197] pps_core: LinuxPPS API ver. 1 registered
[    2.643170] pps_core: Software ver. 5.3.6 - Copyright 2005-2007 Rodolfo Giometti <giometti@linux.it>
[    2.652326] PTP clock support registered
[    2.656295] EDAC MC: Ver: 3.0.0
[    2.659730] ARM FF-A: FFA_VERSION returned not supported
[    2.665063] scmi_core: SCMI protocol bus registered
[    2.670142] efivars: Registered efivars operations
[    2.675298] FPGA manager framework
[    2.678741] Advanced Linux Sound Architecture Driver Initialized.
[    2.685098] vgaarb: loaded
[    2.687984] clocksource: Switched to clocksource arch_sys_counter
[    2.694233] VFS: Disk quotas dquot_6.6.0
[    2.698177] VFS: Dquot-cache hash table entries: 512 (order 0, 4096 bytes)
[    2.705269] AppArmor: AppArmor Filesystem Enabled
[    2.709996] pnp: PnP ACPI: disabled
[    2.714729] NET: Registered PF_INET protocol family
[    2.719729] IP idents hash table entries: 262144 (order: 9, 2097152 bytes, linear)
[    2.730426] tcp_listen_portaddr_hash hash table entries: 32768 (order: 7, 524288 bytes, linear)
[    2.739348] Table-perturb hash table entries: 65536 (order: 6, 262144 bytes, linear)
[    2.747117] TCP established hash table entries: 524288 (order: 10, 4194304 bytes, linear)
[    2.756886] TCP bind hash table entries: 65536 (order: 9, 2097152 bytes, linear)
[    2.765076] TCP: Hash tables configured (established 524288 bind 65536)
[    2.771746] UDP hash table entries: 32768 (order: 8, 1048576 bytes, linear)
[    2.779291] UDP-Lite hash table entries: 32768 (order: 8, 1048576 bytes, linear)
[    2.787311] NET: Registered PF_UNIX/PF_LOCAL protocol family
[    2.793095] RPC: Registered named UNIX socket transport module.
[    2.799029] RPC: Registered udp transport module.
[    2.803740] RPC: Registered tcp transport module.
[    2.808450] RPC: Registered tcp-with-tls transport module.
[    2.813943] RPC: Registered tcp NFSv4.1 backchannel transport module.
[    2.820400] PCI: CLS 0 bytes, default 64
[    2.824385] Unpacking initramfs...
[    2.828030] kvm [1]: IPA Size Limit: 48 bits
[    2.832321] kvm [1]: GICv3: no GICV resource entry
[    2.837120] kvm [1]: disabling GICv2 emulation
[    2.841580] kvm [1]: GIC system register CPU interface enabled
[    2.847434] kvm [1]: vgic interrupt IRQ9
[    2.851381] kvm [1]: VHE mode initialized successfully
[    2.856982] Initialise system trusted keyrings
[    2.861448] Key type blacklist registered
[    2.865528] workingset: timestamp_bits=42 max_order=24 bucket_order=0
[    2.872141] squashfs: version 4.0 (2009/01/31) Phillip Lougher
[    2.878084] NFS: Registering the id_resolver key type
[    2.883153] Key type id_resolver registered
[    2.887342] Key type id_legacy registered
[    2.891364] nfs4filelayout_init: NFSv4 File Layout Driver Registering...
[    2.898082] nfs4flexfilelayout_init: NFSv4 Flexfile Layout Driver Registering...
[    2.905498] ntfs: driver 2.1.32 [Flags: R/O].
[    2.909913] 9p: Installing v9fs 9p2000 file system support
[    2.915461] integrity: Platform Keyring initialized
[    2.932239] Key type asymmetric registered
[    2.936342] Asymmetric key parser 'x509' registered
[    2.941244] Block layer SCSI generic (bsg) driver version 0.4 loaded (major 244)
[    2.948655] io scheduler mq-deadline registered
[    2.953192] io scheduler kyber registered
[    2.957218] io scheduler bfq registered
[    2.967209] EINJ: ACPI disabled.
[    2.980385] Serial: 8250/16550 driver, 4 ports, IRQ sharing enabled
[    2.987747] msm_serial: driver initialized
[    2.991996] SuperH (H)SCI(F) driver initialized
[    2.996611] STM32 USART driver initialized
[    3.001028] printk: legacy console [ttyTCU0] enabled
[    3.005679] Freeing initrd memory: 13148K
[    3.006942] arm-smmu 8000000.iommu: probing hardware configuration...
[    5.846372] arm-smmu 8000000.iommu: SMMUv2 with:
[    5.855638] arm-smmu 8000000.iommu: 	stage 1 translation
[    5.861748] arm-smmu 8000000.iommu: 	stage 2 translation
[    5.867205] arm-smmu 8000000.iommu: 	nested translation
[    5.872571] arm-smmu 8000000.iommu: 	stream matching with 128 register groups
[    5.881070] arm-smmu 8000000.iommu: 	128 context banks (0 stage-2 only)
[    5.887878] arm-smmu 8000000.iommu: 	Supported page sizes: 0x61311000
[    5.894495] arm-smmu 8000000.iommu: 	Stage-1: 48-bit VA -> 48-bit IPA
[    5.901114] arm-smmu 8000000.iommu: 	Stage-2: 48-bit IPA -> 48-bit PA
[    5.907846] arm-smmu 8000000.iommu: 	preserved 0 boot mappings
[    5.914527] arm-smmu 10000000.iommu: probing hardware configuration...
[    5.921235] arm-smmu 10000000.iommu: SMMUv2 with:
[    5.926073] arm-smmu 10000000.iommu: 	stage 1 translation
[    5.931618] arm-smmu 10000000.iommu: 	stage 2 translation
[    5.937167] arm-smmu 10000000.iommu: 	nested translation
[    5.942631] arm-smmu 10000000.iommu: 	stream matching with 128 register groups
[    5.950048] arm-smmu 10000000.iommu: 	128 context banks (0 stage-2 only)
[    5.956933] arm-smmu 10000000.iommu: 	Supported page sizes: 0x61311000
[    5.963649] arm-smmu 10000000.iommu: 	Stage-1: 48-bit VA -> 48-bit IPA
[    5.970359] arm-smmu 10000000.iommu: 	Stage-2: 48-bit IPA -> 48-bit PA
[    5.977092] arm-smmu 10000000.iommu: 	preserved 0 boot mappings
[    5.983527] arm-smmu 12000000.iommu: probing hardware configuration...
[    5.990231] arm-smmu 12000000.iommu: SMMUv2 with:
[    5.995057] arm-smmu 12000000.iommu: 	stage 1 translation
[    6.000614] arm-smmu 12000000.iommu: 	stage 2 translation
[    6.006154] arm-smmu 12000000.iommu: 	nested translation
[    6.011609] arm-smmu 12000000.iommu: 	stream matching with 128 register groups
[    6.019035] arm-smmu 12000000.iommu: 	128 context banks (0 stage-2 only)
[    6.025916] arm-smmu 12000000.iommu: 	Supported page sizes: 0x61311000
[    6.032620] arm-smmu 12000000.iommu: 	Stage-1: 48-bit VA -> 48-bit IPA
[    6.039326] arm-smmu 12000000.iommu: 	Stage-2: 48-bit IPA -> 48-bit PA
[    6.046062] arm-smmu 12000000.iommu: 	preserved 0 boot mappings
[    6.054850] loop: module loaded
[    6.058500] megasas: 07.727.03.00-rc1
[    6.064545] tun: Universal TUN/TAP device driver, 1.6
[    6.070107] thunder_xcv, ver 1.0
[    6.073435] thunder_bgx, ver 1.0
[    6.076756] nicpf, ver 1.0
[    6.079998] hns3: Hisilicon Ethernet Network Driver for Hip08 Family - version
[    6.087422] hns3: Copyright (c) 2017 Huawei Corporation.
[    6.092884] hclge is initializing
[    6.096298] e1000: Intel(R) PRO/1000 Network Driver
[    6.101303] e1000: Copyright (c) 1999-2006 Intel Corporation.
[    6.107212] e1000e: Intel(R) PRO/1000 Network Driver
[    6.112307] e1000e: Copyright(c) 1999 - 2015 Intel Corporation.
[    6.118394] igb: Intel(R) Gigabit Ethernet Network Driver
[    6.123932] igb: Copyright (c) 2007-2014 Intel Corporation.
[    6.129679] igbvf: Intel(R) Gigabit Virtual Function Network Driver
[    6.136107] igbvf: Copyright (c) 2009 - 2012 Intel Corporation.
[    6.142310] sky2: driver version 1.30
[    6.146498] PPP generic driver version 2.4.2
[    6.150987] VFIO - User Level meta-driver version: 0.3
[    6.157567] usbcore: registered new interface driver usb-storage
[    6.164913] i2c_dev: i2c /dev entries driver
[    6.170227] pps_ldisc: PPS line discipline registered
[    6.177033] device-mapper: ioctl: 4.48.0-ioctl (2023-03-01) initialised: dm-devel@redhat.com
[    6.186557] sdhci: Secure Digital Host Controller Interface driver
[    6.192905] sdhci: Copyright(c) Pierre Ossman
[    6.197687] Synopsys Designware Multimedia Card Interface Driver
[    6.204271] sdhci-pltfm: SDHCI platform and OF driver helper
[    6.211525] ledtrig-cpu: registered to indicate activity on CPUs
[    6.218012] SMCCC: SOC_ID: ID = jep106:036b:0234 Revision = 0x00000001
[    6.224882] tegra-bpmp bpmp: Adding to iommu group 0
[    6.230762] tegra-bpmp bpmp: firmware: 684d9490f24f1c33cad8-bfff9e30f72
[    7.834334] clocksource: tsc: mask: 0xffffffffffffff max_cycles: 0xe6a171046, max_idle_ns: 881590405314 ns
[    7.844308] clocksource: osc: mask: 0xffffffff max_cycles: 0xffffffff, max_idle_ns: 49772407460 ns
[    7.853539] clocksource: usec: mask: 0xffffffff max_cycles: 0xffffffff, max_idle_ns: 1911260446275 ns
[    7.863100] hid: raw HID events driver (C) Jiri Kosina
[    7.868537] usbcore: registered new interface driver usbhid
[    7.874290] usbhid: USB HID core driver
[    7.882700] hw perfevents: enabled with armv8_cortex_a78 PMU driver, 7 counters available
[    7.892222] optee: probing for conduit method.
[    7.896806] optee: revision 4.6 (565c76420cf641dd)
[    7.955182] optee: dynamic shared memory is enabled
[    7.965281] optee: initialized driver
[    7.969087] Driver 'optee' was unable to register with bus_type 'arm_ffa' because the bus was not initialized.
[    7.980413] usbcore: registered new interface driver snd-usb-audio
[    7.987143] u32 classifier
[    7.989934]     input device check on
[    7.993707]     Actions configured
[    7.997254] NET: Registered PF_PACKET protocol family
[    8.002487] 9pnet: Installing 9P2000 support
[    8.006916] Key type dns_resolver registered
[    8.013985] registered taskstats version 1
[    8.018357] Loading compiled-in X.509 certificates
[    8.024017] Loaded X.509 cert 'Build time autogenerated kernel key: 10b9f0000d8962c05511c5b3dba70a4aee2a9b74'
[    8.036425] AppArmor: AppArmor sha256 policy hashing enabled
[    8.052765] tegra-gpcdma 2600000.dma-controller: Adding to iommu group 1
[    8.060330] tegra-gpcdma 2600000.dma-controller: GPC DMA driver register 31 channels
[    8.068927] serial-tegra 3100000.serial: Adding to iommu group 1
[    8.075527] 3100000.serial: ttyTHS1 at MMIO 0x3100000 (irq = 133, base_baud = 0) is a TEGRA_UART
[    8.084935] serial-tegra 3110000.serial: RX in PIO mode
[    8.090322] serial-tegra 3110000.serial: TX in PIO mode
[    8.095760] 3110000.serial: ttyTHS2 at MMIO 0x3110000 (irq = 134, base_baud = 0) is a TEGRA_UART
[    8.121958] [drm] Initialized simpledrm 1.0.0 20200625 for chosen:framebuffer on minor 0
[    8.140937] Console: switching to colour frame buffer device 240x67
[    8.152971] simple-framebuffer chosen:framebuffer: [drm] fb0: simpledrmdrmfb frame buffer device
[    8.163349] tegra_rtc c2a0000.rtc: registered as rtc1
[    8.168632] tegra_rtc c2a0000.rtc: Tegra internal Real Time Clock
[    8.175217] tegra-i2c 3160000.i2c: Adding to iommu group 1
[    8.182974] tegra-i2c 3180000.i2c: Adding to iommu group 1
[    8.190420] tegra-i2c 3190000.i2c: Adding to iommu group 1
[    8.197767] tegra-i2c 31b0000.i2c: Adding to iommu group 1
[    8.205095] tegra-i2c 31c0000.i2c: Adding to iommu group 1
[    8.212491] tegra-i2c 31e0000.i2c: Adding to iommu group 1
[    8.219731] /bus@0/aconnect@2900000/ahub@2900800/i2s@2901000: Fixed dependency cycle(s) with /bus@0/i2c@31e0000/audio-codec@1c
[    8.231583] /bus@0/i2c@31e0000/audio-codec@1c: Fixed dependency cycle(s) with /bus@0/aconnect@2900000/ahub@2900800/i2s@2901000
[    8.243736] tegra-i2c c240000.i2c: Adding to iommu group 1
[    8.251091] /bus@0/i2c@c240000/typec@8/connector@0: Fixed dependency cycle(s) with /bus@0/padctl@3520000/ports/usb3-0
[    8.262083] /bus@0/i2c@c240000/typec@8/connector@0: Fixed dependency cycle(s) with /bus@0/padctl@3520000/ports/usb2-1
[    8.273068] /bus@0/i2c@c240000/typec@8/connector@1: Fixed dependency cycle(s) with /bus@0/padctl@3520000/ports/usb3-1
[    8.284058] /bus@0/i2c@c240000/typec@8/connector@1: Fixed dependency cycle(s) with /bus@0/padctl@3520000/ports/usb2-0
[    8.295418] tegra-i2c c250000.i2c: Adding to iommu group 1
[    8.306505] cpufreq: cpufreq_online: CPU4: Running at unlisted initial frequency: 2010000 KHz, changing to: 2035200 KHz
[    8.318994] cpufreq: cpufreq_online: CPU8: Running at unlisted initial frequency: 2011000 KHz, changing to: 2035200 KHz
[    8.333122] sdhci-tegra 3460000.mmc: Adding to iommu group 2
[    8.339777] /bus@0/i2c@c240000/typec@8/connector@1: Fixed dependency cycle(s) with /bus@0/padctl@3520000/ports/usb2-0
[    8.348182] mmc0: CQHCI version 5.10
[    8.350842] /bus@0/padctl@3520000/ports/usb2-0: Fixed dependency cycle(s) with /bus@0/i2c@c240000/typec@8/connector@1
[    8.365549] /bus@0/i2c@c240000/typec@8/connector@0: Fixed dependency cycle(s) with /bus@0/padctl@3520000/ports/usb2-1
[    8.376561] /bus@0/padctl@3520000/ports/usb2-1: Fixed dependency cycle(s) with /bus@0/i2c@c240000/typec@8/connector@0
[    8.387662] /bus@0/i2c@c240000/typec@8/connector@0: Fixed dependency cycle(s) with /bus@0/padctl@3520000/ports/usb3-0
[    8.398659] /bus@0/padctl@3520000/ports/usb3-0: Fixed dependency cycle(s) with /bus@0/i2c@c240000/typec@8/connector@0
[    8.400788] mmc0: SDHCI controller on 3460000.mmc [3460000.mmc] using ADMA 64-bit
[    8.409755] /bus@0/i2c@c240000/typec@8/connector@1: Fixed dependency cycle(s) with /bus@0/padctl@3520000/ports/usb3-1
[    8.428397] /bus@0/padctl@3520000/ports/usb3-1: Fixed dependency cycle(s) with /bus@0/i2c@c240000/typec@8/connector@1
[    8.440246] tegra-xusb 3610000.usb: Adding to iommu group 3
[    8.460877] tegra-xusb 3610000.usb: Firmware timestamp: 2023-02-10 03:48:10 UTC, Version: 80.05 release
[    8.470623] tegra-xusb 3610000.usb: xHCI Host Controller
[    8.476144] tegra-xusb 3610000.usb: new USB bus registered, assigned bus number 1
[    8.484606] tegra-xusb 3610000.usb: hcc params 0x0180ff05 hci version 0x120 quirks 0x0000000000000810
[    8.494165] tegra-xusb 3610000.usb: irq 145, io mem 0x03610000
[    8.500284] tegra-xusb 3610000.usb: xHCI Host Controller
[    8.505803] tegra-xusb 3610000.usb: new USB bus registered, assigned bus number 2
[    8.513532] tegra-xusb 3610000.usb: Host supports USB 3.1 Enhanced SuperSpeed
[    8.521113] usb usb1: New USB device found, idVendor=1d6b, idProduct=0002, bcdDevice= 6.08
[    8.525032] mmc0: Command Queue Engine enabled
[    8.529699] usb usb1: New USB device strings: Mfr=3, Product=2, SerialNumber=1
[    8.529786] mmc0: new HS400 Enhanced strobe MMC card at address 0001
[    8.532298] usb usb1: Product: xHCI Host Controller
[    8.536200] mmcblk0: mmc0:0001 DG4064 59.2 GiB
[    8.539984] usb usb1: Manufacturer: Linux 6.8.12-1021-tegra xhci-hcd
[    8.550458]  mmcblk0: p1 p2 p3 p4 p5 p6 p7 p8 p9 p10 p11 p12 p13 p14 p15
[    8.551988] usb usb1: SerialNumber: 3610000.usb
[    8.552765] mmcblk0boot0: mmc0:0001 DG4064 4.00 MiB
[    8.557825] hub 1-0:1.0: USB hub found
[    8.558628] mmcblk0boot1: mmc0:0001 DG4064 4.00 MiB
[    8.558847] hub 1-0:1.0: 4 ports detected
[    8.562237] mmcblk0rpmb: mmc0:0001 DG4064 4.00 MiB, chardev (509:0)
[    8.564759] usb usb2: New USB device found, idVendor=1d6b, idProduct=0003, bcdDevice= 6.08
[    8.616693] usb usb2: New USB device strings: Mfr=3, Product=2, SerialNumber=1
[    8.626564] usb usb2: Product: xHCI Host Controller
[    8.633989] usb usb2: Manufacturer: Linux 6.8.12-1021-tegra xhci-hcd
[    8.641443] usb usb2: SerialNumber: 3610000.usb
[    8.647168] hub 2-0:1.0: USB hub found
[    8.652299] hub 2-0:1.0: 4 ports detected
[    8.659302] sdhci-tegra 3400000.mmc: Adding to iommu group 4
[    8.660117] irq: IRQ154: trimming hierarchy from :bus@0:pmc@c360000
[    8.673913] irq: IRQ156: trimming hierarchy from :bus@0:interrupt-controller@f400000-1
[    8.673977] sdhci-tegra 3400000.mmc: Got CD GPIO
[    8.675677] irq: IRQ157: trimming hierarchy from :bus@0:pmc@c360000
[    8.695618] input: gpio-keys as /devices/platform/gpio-keys/input/input0
[    8.703821] clk: Disabling unused clocks
[    8.787317] ALSA device list:
[    8.791103]   No soundcards found.
[    8.803744] irq: IRQ158: trimming hierarchy from :bus@0:interrupt-controller@f400000-1
[    8.814737] mmc1: SDHCI controller on 3400000.mmc [3400000.mmc] using ADMA 64-bit
[    8.819989] usb 1-3: new full-speed USB device number 2 using tegra-xusb
[    8.824745] Freeing unused kernel memory: 11584K
[    8.838073] Run /init as init process
[    8.843983]   with arguments:
[    8.843987]     /init
[    8.843988]   with environment:
[    8.843990]     HOME=/
[    8.843991]     TERM=linux
[    8.843992]     bl_prof_dataptr=2031616@0x1021A10000
[    8.843993]     bl_prof_ro_ptr=65536@0x1021A00000
[    8.852151] Checking overlayfs setting...
[    8.868540] Overlayfs is disabled...
[    8.880412] Root device found: PARTUUID=3c491a31-c430-483d-813a-992373ced89a
[    8.918157] tegra194-pcie 14100000.pcie: Adding to iommu group 5
[    8.927754] irq: IRQ183: trimming hierarchy from :bus@0:pmc@c360000
[    8.935853] tegra194-pcie 14100000.pcie: host bridge /bus@0/pcie@14100000 ranges:
[    8.944316] tegra194-pcie 14100000.pcie:      MEM 0x2080000000..0x20a7ffffff -> 0x2080000000
[    8.954233] tegra194-pcie 14100000.pcie:      MEM 0x20a8000000..0x20afffffff -> 0x0040000000
[    8.963651] tegra194-pcie 14100000.pcie:       IO 0x0030100000..0x00301fffff -> 0x0030100000
[    8.964030] tegra194-pcie 14100000.pcie: iATU: unroll T, 8 ob, 2 ib, align 64K, limit 32G
[    8.992563] usb 1-3: New USB device found, idVendor=13d3, idProduct=3549, bcdDevice= 0.00
[    9.001694] usb 1-3: New USB device strings: Mfr=1, Product=2, SerialNumber=3
[    9.009576] usb 1-3: Product: Bluetooth Radio
[    9.009580] usb 1-3: Manufacturer: Realtek
[    9.009581] usb 1-3: SerialNumber: 00e04c000001
[    9.039375] irq: IRQ186: trimming hierarchy from :bus@0:pmc@c360000
[    9.088000] tegra194-pcie 14100000.pcie: PCIe Gen.1 x1 link up
[    9.089523] usbcore: registered new interface driver uas
[    9.101629] tegra194-pcie 14100000.pcie: PCIe Gen.1 x1 link up
[    9.112224] tegra194-pcie 14100000.pcie: PCI host bridge to bus 0001:00
[    9.113266] tegra-xudc 3550000.usb: Adding to iommu group 6
[    9.119722] usb 2-3: new SuperSpeed Plus Gen 2x1 USB device number 2 using tegra-xusb
[    9.120821] pci_bus 0001:00: root bus resource [bus 00-ff]
[    9.141206] pci_bus 0001:00: root bus resource [mem 0x2080000000-0x20a7ffffff pref]
[    9.141213] pci_bus 0001:00: root bus resource [mem 0x20a8000000-0x20afffffff] (bus address [0x40000000-0x47ffffff])
[    9.141216] pci_bus 0001:00: root bus resource [io  0x0000-0xfffff] (bus address [0x30100000-0x301fffff])
[    9.141248] pci 0001:00:00.0: [10de:229e] type 01 class 0x060400 PCIe Root Port
[    9.159574] usb 2-3: New USB device found, idVendor=0bda, idProduct=0420, bcdDevice= 1.40
[    9.161948] pci 0001:00:00.0: PCI bridge to [bus 01-ff]
[    9.162542] usb 2-3: New USB device strings: Mfr=1, Product=2, SerialNumber=0
[    9.163278] pci 0001:00:00.0:   bridge window [io  0x0000-0x0fff]
[    9.163907] usb 2-3: Product: 4-Port USB 3.0 Hub
[    9.164586] pci 0001:00:00.0:   bridge window [mem 0x00000000-0x000fffff]
[    9.165260] usb 2-3: Manufacturer: Generic
[    9.165918] pci 0001:00:00.0:   bridge window [mem 0x00000000-0x000fffff 64bit pref]
[    9.176025] hub 2-3:1.0: USB hub found
[    9.177275] pci 0001:00:00.0: PME# supported from D0 D3hot
[    9.180264] hub 2-3:1.0: 4 ports detected
[    9.188801] pci 0001:01:00.0: [10ec:c822] type 00 class 0x028000 PCIe Endpoint
[    9.261080] pci 0001:01:00.0: BAR 0 [io  0x0000-0x00ff]
[    9.261131] pci 0001:01:00.0: BAR 2 [mem 0x20a8000000-0x20a800ffff 64bit]
[    9.262065] pci 0001:01:00.0: supports D1 D2
[    9.275981] usb 1-4: new high-speed USB device number 3 using tegra-xusb
[    9.280005] pci 0001:01:00.0: PME# supported from D0 D1 D2 D3hot D3cold
[    9.308195] pci 0001:00:00.0: bridge window [mem 0x20a8000000-0x20a80fffff]: assigned
[    9.319993] pci 0001:00:00.0: bridge window [io  0x1000-0x1fff]: assigned
[    9.327802] pci 0001:01:00.0: BAR 2 [mem 0x20a8000000-0x20a800ffff 64bit]: assigned
[    9.336811] pci 0001:01:00.0: BAR 0 [io  0x1000-0x10ff]: assigned
[    9.336852] pci 0001:00:00.0: PCI bridge to [bus 01-ff]
[    9.336857] pci 0001:00:00.0:   bridge window [io  0x1000-0x1fff]
[    9.336862] pci 0001:00:00.0:   bridge window [mem 0x20a8000000-0x20a80fffff]
[    9.336872] pci_bus 0001:00: resource 4 [mem 0x2080000000-0x20a7ffffff pref]
[    9.336874] pci_bus 0001:00: resource 5 [mem 0x20a8000000-0x20afffffff]
[    9.336876] pci_bus 0001:00: resource 6 [io  0x0000-0xfffff]
[    9.336878] pci_bus 0001:01: resource 0 [io  0x1000-0x1fff]
[    9.336880] pci_bus 0001:01: resource 1 [mem 0x20a8000000-0x20a80fffff]
[    9.336895] pci 0001:00:00.0: Max Payload Size set to  256/ 256 (was  128), Max Read Rq  256
[    9.336997] pci 0001:01:00.0: Max Payload Size set to  128/ 128 (was  128), Max Read Rq  128
[    9.337215] pcieport 0001:00:00.0: Adding to iommu group 5
[    9.425196] pcieport 0001:00:00.0: PME: Signaling with IRQ 184
[    9.432127] pcieport 0001:00:00.0: AER: enabled with IRQ 184
[    9.439624] tegra194-pcie 14160000.pcie: Adding to iommu group 7
[    9.448059] tegra194-pcie 14160000.pcie: host bridge /bus@0/pcie@14160000 ranges:
[    9.457779] tegra194-pcie 14160000.pcie:      MEM 0x2140000000..0x2427ffffff -> 0x2140000000
[    9.467213] tegra194-pcie 14160000.pcie:      MEM 0x2428000000..0x242fffffff -> 0x0040000000
[    9.476973] tegra194-pcie 14160000.pcie:       IO 0x0036100000..0x00361fffff -> 0x0036100000
[    9.480366] usb 1-4: New USB device found, idVendor=0bda, idProduct=5420, bcdDevice= 1.40
[    9.487160] tegra194-pcie 14160000.pcie: iATU: unroll T, 8 ob, 2 ib, align 64K, limit 32G
[    9.487195] usb 1-4: New USB device strings: Mfr=1, Product=2, SerialNumber=0
[    9.512143] usb 1-4: Product: 4-Port USB 2.0 Hub
[    9.517396] usb 1-4: Manufacturer: Generic
[    9.526280] hub 1-4:1.0: USB hub found
[    9.532101] hub 1-4:1.0: 4 ports detected
[    9.886518] EXT4-fs (mmcblk0p1): mounted filesystem a42cd97f-728d-42bd-8cd0-5ec1f0ada988 r/w with ordered data mode. Quota mode: none.
[    9.909372] Rootfs mounted over PARTUUID=3c491a31-c430-483d-813a-992373ced89a
[    9.925348] Switching from initrd to actual rootfs
[   10.079606] systemd[1]: System time before build time, advancing clock.
[   10.155758] NET: Registered PF_INET6 protocol family
[   10.162929] Segment Routing with IPv6
[   10.167416] In-situ OAM (IOAM) with IPv6
[   10.208427] systemd[1]: systemd 255.4-1ubuntu8.16 running in system mode (+PAM +AUDIT +SELINUX +APPARMOR +IMA +SMACK +SECCOMP +GCRYPT -GNUTLS +OPENSSL +ACL +BLKID +CURL +ELFUTILS +FIDO2 +IDN2 -IDN +IPTC +KMOD +LIBCRYPTSETUP +LIBFDISK +PCRE2 -PWQUALITY +P11KIT +QRENCODE +TPM2 +BZIP2 +LZ4 +XZ +ZLIB +ZSTD -BPF_FRAMEWORK -XKBCOMMON +UTMP +SYSVINIT default-hierarchy=unified)
[   10.243458] systemd[1]: Detected architecture arm64.
[   10.251988] usb 1-4.1: new low-speed USB device number 4 using tegra-xusb
[   10.263005] systemd[1]: Hostname set to <tegra-ubuntu>.
[   10.304451] systemd[1]: Using hardware watchdog 'NVIDIA Tegra186 WDT', version 0, device /dev/watchdog0
[   10.316049] systemd[1]: Watchdog running with a timeout of 2min.
[   10.362582] usb 1-4.1: New USB device found, idVendor=413c, idProduct=2111, bcdDevice= 1.07
[   10.371939] usb 1-4.1: New USB device strings: Mfr=1, Product=2, SerialNumber=0
[   10.380041] usb 1-4.1: Product: Dell USB Wired Entry Keyboard
[   10.386531] usb 1-4.1: Manufacturer: DELL
[   10.398672] input: DELL Dell USB Wired Entry Keyboard as /devices/platform/bus@0/3610000.usb/usb1/1-4/1-4.1/1-4.1:1.0/0003:413C:2111.0001/input/input1
[   10.524458] hid-generic 0003:413C:2111.0001: input,hidraw0: USB HID v1.10 Keyboard [DELL Dell USB Wired Entry Keyboard] on usb-3610000.usb-4.1/input0
[   10.535056] systemd[1]: /etc/systemd/system/nvargus-daemon.service:42: Standard output type syslog is obsolete, automatically updating to journal. Please update your unit file, and consider removing the setting altogether.
[   10.546917] input: DELL Dell USB Wired Entry Keyboard System Control as /devices/platform/bus@0/3610000.usb/usb1/1-4/1-4.1/1-4.1:1.1/0003:413C:2111.0002/input/input2
[   10.586653] systemd[1]: /etc/systemd/system/nvcpupowerfix.service:37: Standard output type syslog is obsolete, automatically updating to journal. Please update your unit file, and consider removing the setting altogether.
[   10.596871] tegra194-pcie 14160000.pcie: Phy link never came up
[   10.632587] input: DELL Dell USB Wired Entry Keyboard Consumer Control as /devices/platform/bus@0/3610000.usb/usb1/1-4/1-4.1/1-4.1:1.1/0003:413C:2111.0002/input/input3
[   10.650775] hid-generic 0003:413C:2111.0002: input,hidraw1: USB HID v1.10 Device [DELL Dell USB Wired Entry Keyboard] on usb-3610000.usb-4.1/input1
[   10.702552] systemd[1]: Queued start job for default target graphical.target.
[   10.737021] systemd[1]: Created slice system-modprobe.slice - Slice /system/modprobe.
[   10.747987] usb 1-4.2: new low-speed USB device number 5 using tegra-xusb
[   10.757872] systemd[1]: Created slice system-serial\x2dgetty.slice - Slice /system/serial-getty.
[   10.769299] systemd[1]: Created slice system-systemd\x2dfsck.slice - Slice /system/systemd-fsck.
[   10.780731] systemd[1]: Created slice user.slice - User and Session Slice.
[   10.791197] systemd[1]: Started systemd-ask-password-wall.path - Forward Password Requests to Wall Directory Watch.
[   10.804251] systemd[1]: Set up automount proc-sys-fs-binfmt_misc.automount - Arbitrary Executable File Formats File System Automount Point.
[   10.819050] systemd[1]: Expecting device dev-disk-by\x2duuid-30A9\x2d6027.device - /dev/disk/by-uuid/30A9-6027...
[   10.833089] systemd[1]: Expecting device dev-ttyAMA0.device - /dev/ttyAMA0...
[   10.844627] systemd[1]: Expecting device dev-ttyGS0.device - /dev/ttyGS0...
[   10.858151] systemd[1]: Expecting device dev-ttyTCU0.device - /dev/ttyTCU0...
[   10.865694] usb 1-4.2: New USB device found, idVendor=17ef, idProduct=608d, bcdDevice= 1.00
[   10.875773] usb 1-4.2: New USB device strings: Mfr=1, Product=2, SerialNumber=0
[   10.884125] usb 1-4.2: Product: Lenovo USB Optical Mouse
[   10.884128] usb 1-4.2: Manufacturer: PixArt
[   10.893022] input: PixArt Lenovo USB Optical Mouse as /devices/platform/bus@0/3610000.usb/usb1/1-4/1-4.2/1-4.2:1.0/0003:17EF:608D.0003/input/input4
[   10.910457] hid-generic 0003:17EF:608D.0003: input,hidraw2: USB HID v1.11 Mouse [PixArt Lenovo USB Optical Mouse] on usb-3610000.usb-4.2/input0
[   10.925486] systemd[1]: Reached target integritysetup.target - Local Integrity Protected Volumes.
[   10.936940] systemd[1]: Reached target remote-fs.target - Remote File Systems.
[   10.949251] systemd[1]: Reached target remote-veritysetup.target - Remote Verity Protected Volumes.
[   10.961047] systemd[1]: Reached target slices.target - Slice Units.
[   10.969567] systemd[1]: Reached target snapd.mounts-pre.target - Mounting snaps.
[   10.979540] systemd[1]: Reached target snapd.mounts.target - Mounted snaps.
[   10.991499] systemd[1]: Reached target veritysetup.target - Local Verity Protected Volumes.
[   11.003039] systemd[1]: Listening on syslog.socket - Syslog Socket.
[   11.014682] systemd[1]: Listening on systemd-fsckd.socket - fsck to fsckd communication Socket.
[   11.025964] systemd[1]: Listening on systemd-initctl.socket - initctl Compatibility Named Pipe.
[   11.039751] systemd[1]: Listening on systemd-journald-dev-log.socket - Journal Socket (/dev/log).
[   11.051658] systemd[1]: Listening on systemd-journald.socket - Journal Socket.
[   11.061886] systemd[1]: Listening on systemd-networkd.socket - Network Service Netlink Socket.
[   11.073545] systemd[1]: systemd-oomd.socket - Userspace Out-Of-Memory (OOM) Killer Socket was skipped because of an unmet condition check (ConditionPathExists=/proc/pressure/memory).
[   11.091499] systemd[1]: systemd-pcrextend.socket - TPM2 PCR Extension (Varlink) was skipped because of an unmet condition check (ConditionSecurity=measured-uki).
[   11.108474] systemd[1]: Listening on systemd-udevd-control.socket - udev Control Socket.
[   11.119229] systemd[1]: Listening on systemd-udevd-kernel.socket - udev Kernel Socket.
[   11.152074] systemd[1]: Mounting dev-hugepages.mount - Huge Pages File System...
[   11.166102] systemd[1]: Mounting dev-mqueue.mount - POSIX Message Queue File System...
[   11.179187] systemd[1]: Mounting sys-kernel-debug.mount - Kernel Debug File System...
[   11.192846] systemd[1]: Mounting sys-kernel-tracing.mount - Kernel Trace File System...
[   11.207824] systemd[1]: Starting systemd-journald.service - Journal Service...
[   11.218847] systemd[1]: Starting keyboard-setup.service - Set the console keyboard layout...
[   11.230881] systemd[1]: Starting kmod-static-nodes.service - Create List of Static Device Nodes...
[   11.243697] systemd[1]: Starting modprobe@configfs.service - Load Kernel Module configfs...
[   11.248264] systemd-journald[261]: Collecting audit messages is disabled.
[   11.263788] systemd[1]: Starting modprobe@dm_mod.service - Load Kernel Module dm_mod...
[   11.276058] systemd[1]: Starting modprobe@drm.service - Load Kernel Module drm...
[   11.286912] systemd[1]: Starting modprobe@efi_pstore.service - Load Kernel Module efi_pstore...
[   11.299783] systemd[1]: Starting modprobe@fuse.service - Load Kernel Module fuse...
[   11.310846] systemd[1]: Starting modprobe@loop.service - Load Kernel Module loop...
[   11.322047] fuse: init (API version 7.39)
[   11.322121] systemd[1]: Starting modprobe@nvme_fabrics.service - Load Kernel Module nvme_fabrics...
[   11.345576] systemd[1]: nvfb-ping-config.service - NVIDIA first-boot setup service for ping was skipped because of an unmet condition check (ConditionFirstBoot=yes).
[   11.361912] systemd[1]: nvfb-udev.service - NVIDIA specific first-boot udev script was skipped because of an unmet condition check (ConditionFirstBoot=yes).
[   11.377554] systemd[1]: systemd-fsck-root.service - File System Check on Root Device was skipped because of an unmet condition check (ConditionPathIsReadWrite=!/).
[   11.395889] systemd[1]: Starting systemd-modules-load.service - Load Kernel Modules...
[   11.406142] systemd[1]: systemd-pcrlock-file-system.service - Lock File Systems to TPM2 PCR Policy was skipped because of an unmet condition check (ConditionSecurity=measured-uki).
[   11.423726] systemd[1]: systemd-pcrlock-machine-id.service - Lock Machine ID to TPM2 PCR Policy was skipped because of an unmet condition check (ConditionSecurity=measured-uki).
[   11.441089] systemd[1]: systemd-pcrmachine.service - TPM2 PCR Machine ID Measurement was skipped because of an unmet condition check (ConditionSecurity=measured-uki).
[   11.458806] systemd[1]: Starting systemd-remount-fs.service - Remount Root and Kernel File Systems...
[   11.471531] systemd[1]: systemd-tpm2-setup-early.service - TPM2 SRK Setup (Early) was skipped because of an unmet condition check (ConditionSecurity=measured-uki).
[   11.488905] bridge: filtering via arp/ip/ip6tables is no longer available by default. Update your scripts to load br_netfilter if you need this.
[   11.489008] systemd[1]: Starting systemd-udev-trigger.service - Coldplug All udev Devices...
[   11.513443] Bridge firewalling registered
[   11.517118] hsp_mailbox_client: loading out-of-tree module taints kernel.
[   11.520346] EXT4-fs (mmcblk0p1): re-mounted a42cd97f-728d-42bd-8cd0-5ec1f0ada988.
[   11.540231] systemd[1]: Started systemd-journald.service - Journal Service.
[   11.553163] tegra186-cam-rtcpu bc00000.rtcpu: Adding to iommu group 8
[   11.553843] tegra186-cam-rtcpu bc00000.rtcpu: Trace buffer configured at IOVA=0xbff00000
[   11.557207]  bc00000.rtcpu:hsp-vm1: camrtc_hsp_vm_read_boot_log: RTCPU boot complete
[   11.582209] tegra-ivc-bus bc00000.rtcpu:ivc-bus: region 0: iova=0xbfec0000-0xbfee02ff size=131840
[   11.582270] tegra-ivc-bus bc00000.rtcpu:ivc-bus:echo@0: echo: ver=0 grp=1 RX[16x64]=0x1000-0x1480 TX[16x64]=0x1480-0x1900
[   11.582301] tegra-ivc-bus bc00000.rtcpu:ivc-bus:dbg@1: dbg: ver=0 grp=1 RX[1x512]=0x1900-0x1b80 TX[1x512]=0x1b80-0x1e00
[   11.582322] tegra-ivc-bus bc00000.rtcpu:ivc-bus:dbg@2: dbg: ver=0 grp=1 RX[1x8192]=0x1e00-0x3e80 TX[1x8192]=0x3e80-0x5f00
[   11.582338] tegra-ivc-bus bc00000.rtcpu:ivc-bus:ivccontrol@3: ivccontrol: ver=0 grp=1 RX[64x320]=0x5f00-0xaf80 TX[64x320]=0xaf80-0x10000
[   11.582358] tegra-ivc-bus bc00000.rtcpu:ivc-bus:ivccapture@4: ivccapture: ver=0 grp=1 RX[512x64]=0x10000-0x18080 TX[512x64]=0x18080-0x20100
[   11.582373] tegra-ivc-bus bc00000.rtcpu:ivc-bus:diag@5: diag: ver=0 grp=1 RX[1x128]=0x20100-0x20200 TX[1x128]=0x20200-0x20300
[   11.582527] tegra186-cam-rtcpu bc00000.rtcpu: using cam RTCPU IRQ (190)
[   11.582529] tegra186-cam-rtcpu bc00000.rtcpu: tegra_camrtc_mon_create is successful
[   11.582790] tegra186-cam-rtcpu bc00000.rtcpu: firmware version cpu=rce cmd=6 sha1=dfa4cae106f00e37b6d2d53e94a5c9636b9cc011
[   11.582958] tegra-ivc-bus bc00000.rtcpu:ivc-bus:echo@0: ivc channel driver missing
[   11.599986] tegra194-pcie 14160000.pcie: Phy link never came up
[   11.607994] tegra-ivc-bus bc00000.rtcpu:ivc-bus:dbg@1: ivc channel driver missing
[   11.607993] [RCE] TCU debug prints will be routed to traces.
[   11.608001] tegra-ivc-bus bc00000.rtcpu:ivc-bus:dbg@2: ivc channel driver missing
[   11.608004] tegra-ivc-bus bc00000.rtcpu:ivc-bus:ivccontrol@3: ivc channel driver missing
[   11.608005] tegra-ivc-bus bc00000.rtcpu:ivc-bus:ivccapture@4: ivc channel driver missing
[   11.608008] tegra-ivc-bus bc00000.rtcpu:ivc-bus:diag@5: ivc channel driver missing
[   11.618135] tegra194-pcie 14160000.pcie: PCI host bridge to bus 0004:00
[   11.620799] tegra-camera-rtcpu-debugfs bc00000.rtcpu:ivc-bus:dbg@2: nvidia,mem-map[1] node has no device
[   11.631195] pci_bus 0004:00: root bus resource [bus 00-ff]
[   11.632154] tegra-camera-rtcpu-debugfs bc00000.rtcpu:ivc-bus:dbg@2: nvidia,mem-map[2] node has no device
[   11.632909] pci_bus 0004:00: root bus resource [mem 0x2140000000-0x2427ffffff pref]
[   11.633775] tegra-camera-rtcpu-debugfs bc00000.rtcpu:ivc-bus:dbg@2: nvidia,mem-map[3] node has no device
[   11.634540] pci_bus 0004:00: root bus resource [mem 0x2428000000-0x242fffffff] (bus address [0x40000000-0x47ffffff])
[   11.663733] camchar: rtcpu character device driver loaded
[   11.675026] pci_bus 0004:00: root bus resource [io  0x100000-0x1fffff] (bus address [0x36100000-0x361fffff])
[   11.705385] mc: Linux media interface: v0.10
[   11.713014] pci 0004:00:00.0: [10de:229c] type 01 class 0x060400 PCIe Root Port
[   11.790024] videodev: Linux video capture interface: v2.00
[   11.794728] pci 0004:00:00.0: PCI bridge to [bus 01-ff]
[   11.873287] pci 0004:00:00.0:   bridge window [io  0x0000-0x0fff]
[   11.873297] pci 0004:00:00.0:   bridge window [mem 0x00000000-0x000fffff]
[   11.888229] pci 0004:00:00.0:   bridge window [mem 0x00000000-0x000fffff 64bit pref]
[   11.898286] pci 0004:00:00.0: PME# supported from D0 D3hot
[   11.907520] pci 0004:00:00.0: PCI bridge to [bus 01-ff]
[   11.907540] pci_bus 0004:00: resource 4 [mem 0x2140000000-0x2427ffffff pref]
[   11.907543] pci_bus 0004:00: resource 5 [mem 0x2428000000-0x242fffffff]
[   11.907544] pci_bus 0004:00: resource 6 [io  0x100000-0x1fffff]
[   11.907559] pci 0004:00:00.0: Max Payload Size set to  256/ 256 (was  128), Max Read Rq  256
[   11.931768] tegra-host1x 13e00000.host1x: Adding to iommu group 9
[   11.952786] pcieport 0004:00:00.0: Adding to iommu group 7
[   11.959367] pcieport 0004:00:00.0: PME: Signaling with IRQ 188
[   11.959500] pcieport 0004:00:00.0: AER: enabled with IRQ 188
[   11.959772] pci_bus 0004:01: busn_res: [bus 01-ff] is released
[   11.959874] host1x-context 13e00000.host1x.host1x-ctx.0: Adding to iommu group 10
[   11.959996] pci_bus 0004:00: busn_res: [bus 00-ff] is released
[   11.960012] host1x-context 13e00000.host1x.host1x-ctx.1: Adding to iommu group 11
[   11.960099] host1x-context 13e00000.host1x.host1x-ctx.2: Adding to iommu group 12
[   11.960172] host1x-context 13e00000.host1x.host1x-ctx.3: Adding to iommu group 13
[   11.960241] host1x-context 13e00000.host1x.host1x-ctx.4: Adding to iommu group 14
[   11.960313] host1x-context 13e00000.host1x.host1x-ctx.5: Adding to iommu group 15
[   11.960383] host1x-context 13e00000.host1x.host1x-ctx.6: Adding to iommu group 16
[   11.960454] host1x-context 13e00000.host1x.host1x-ctx.7: Adding to iommu group 17
[   11.960528] host1x-context 13e00000.host1x.host1x-ctx.8: Adding to iommu group 18
[   11.960603] host1x-context 13e00000.host1x.host1x-ctx.9: Adding to iommu group 19
[   11.960683] host1x-context 13e00000.host1x.host1x-ctx.10: Adding to iommu group 20
[   12.078087] tegra194-pcie 141a0000.pcie: Adding to iommu group 21
[   12.085313] host1x-context 13e00000.host1x.host1x-ctx.11: Adding to iommu group 22
[   12.085409] host1x-context 13e00000.host1x.host1x-ctx.12: Adding to iommu group 23
[   12.085476] host1x-context 13e00000.host1x.host1x-ctx.13: Adding to iommu group 24
[   12.085626] host1x-context 13e00000.host1x.host1x-ctx.14: Adding to iommu group 25
[   12.085724] host1x-context 13e00000.host1x.host1x-ctx.15: Adding to iommu group 26
[   12.150710] tegra-soc-hwpm f100000.hwpm: Adding to iommu group 27
[   12.190039] tegra-vic 15340000.vic: Adding to iommu group 28
[   12.192538] tegra194-pcie 141a0000.pcie: host bridge /bus@0/pcie@141a0000 ranges:
[   12.204871] tegra194-pcie 141a0000.pcie:      MEM 0x2800000000..0x2b27ffffff -> 0x2800000000
[   12.216021] tegra194-pcie 141a0000.pcie:      MEM 0x2b28000000..0x2b2fffffff -> 0x0040000000
[   12.216040] tegra194-pcie 141a0000.pcie:       IO 0x003a100000..0x003a1fffff -> 0x003a100000
[   12.216232] tegra-nvdec 15480000.nvdec: Adding to iommu group 29
[   12.216932] tegra194-pcie 141a0000.pcie: iATU: unroll T, 8 ob, 2 ib, align 64K, limit 32G
[   12.219798] tegra-nvenc 154c0000.nvenc: Adding to iommu group 30
[   12.222980] Adding 2097148k swap on /swapfile.  Priority:-2 extents:2 across:20824064k SS
[   12.273940] tegra-nvjpg 15380000.nvjpg: Adding to iommu group 31
[   12.276731] tegra-nvjpg 15540000.nvjpg: Adding to iommu group 32
[   12.290372] tegra-ofa 15a50000.ofa: Adding to iommu group 33
[   12.297601] systemd-journald[261]: Received client request to flush runtime journal.
[   12.298260] [drm] Initialized tegra 1.0.99 20120330 for 13e00000.host1x.drm on minor 1
[   12.335997] tegra194-pcie 141a0000.pcie: PCIe Gen.2 x1 link up
[   12.345211] tegra194-pcie 141a0000.pcie: PCIe Gen.2 x1 link up
[   12.345286] tegra194-pcie 141a0000.pcie: PCI host bridge to bus 0005:00
[   12.345295] pci_bus 0005:00: root bus resource [bus 00-ff]
[   12.345298] pci_bus 0005:00: root bus resource [mem 0x2800000000-0x2b27ffffff pref]
[   12.345301] pci_bus 0005:00: root bus resource [mem 0x2b28000000-0x2b2fffffff] (bus address [0x40000000-0x47ffffff])
[   12.345303] pci_bus 0005:00: root bus resource [io  0x200000-0x2fffff] (bus address [0x3a100000-0x3a1fffff])
[   12.345331] pci 0005:00:00.0: [10de:229a] type 01 class 0x060400 PCIe Root Port
[   12.345360] pci 0005:00:00.0: PCI bridge to [bus 01-ff]
[   12.345368] pci 0005:00:00.0:   bridge window [io  0x0000-0x0fff]
[   12.345372] pci 0005:00:00.0:   bridge window [mem 0x00000000-0x000fffff]
[   12.345382] pci 0005:00:00.0:   bridge window [mem 0x00000000-0x000fffff 64bit pref]
[   12.345492] pci 0005:00:00.0: PME# supported from D0 D3hot
[   12.345535] tegra-camrtc-capture-vi tegra-capture-vi: ep of_device is not enabled endpoint.
[   12.345540] tegra-camrtc-capture-vi tegra-capture-vi: ep of_device is not enabled endpoint.
[   12.345542] tegra-camrtc-capture-vi tegra-capture-vi: ep of_device is not enabled endpoint.
[   12.345543] tegra-camrtc-capture-vi tegra-capture-vi: ep of_device is not enabled endpoint.
[   12.345544] tegra-camrtc-capture-vi tegra-capture-vi: ep of_device is not enabled endpoint.
[   12.345545] tegra-camrtc-capture-vi tegra-capture-vi: ep of_device is not enabled endpoint.
[   12.349034] pci 0005:01:00.0: [1204:9c22] type 00 class 0x070200 PCIe Endpoint
[   12.360192] tegra-camrtc-capture-isp tegra-capture-isp: capture_isp_probe: Probe-time fuse cache initialized - mask=0x1, num_devices=1
[   12.362796] pci 0005:01:00.0: BAR 0 [mem 0x00000000-0x000003ff]
[   12.387265] tegra194-isp5 14800000.isp: Adding to iommu group 34
[   12.397774] pci 0005:01:00.0: supports D1 D2
[   12.411973]  camera-diag: Limiting to 1 ISP instance(s) for this chip
[   12.419984] pci 0005:01:00.0: PME# supported from D0 D1 D2 D3hot D3cold
[   12.426252]  camera-diag: Failed to find ISP device node
[   12.437305] pci 0005:01:00.1: [1204:9c1f] type 00 class 0x070200 PCIe Endpoint
[   12.441168] camera-diagnostics bc00000.rtcpu:ivc-bus:diag@5: Failed to initialize diagnostic channel: -19
[   12.452446] pci 0005:01:00.1: BAR 0 [mem 0x00000000-0x000003ff]
[   12.458660] camera-diagnostics bc00000.rtcpu:ivc-bus:diag@5: Probe failed with error: -19
[   12.588162] pci 0005:01:00.1: supports D1 D2
[   12.593268] pci 0005:01:00.1: PME# supported from D0 D1 D2 D3hot D3cold
[   12.601755] pci 0005:01:00.2: [1204:9c20] type 00 class 0x070200 PCIe Endpoint
[   12.610337] pci 0005:01:00.2: BAR 0 [mem 0x00000000-0x000003ff]
[   12.610965] pci 0005:01:00.2: supports D1 D2
[   12.622418] pci 0005:01:00.2: PME# supported from D0 D1 D2 D3hot D3cold
[   12.632213] pci 0005:00:00.0: bridge window [mem 0x2b28000000-0x2b280fffff]: assigned
[   12.642082] pci 0005:01:00.0: BAR 0 [mem 0x2b28000000-0x2b280003ff]: assigned
[   12.650293] pci 0005:01:00.1: BAR 0 [mem 0x2b28000400-0x2b280007ff]: assigned
[   12.650328] pci 0005:01:00.2: BAR 0 [mem 0x2b28000800-0x2b28000bff]: assigned
[   12.650357] pci 0005:00:00.0: PCI bridge to [bus 01-ff]
[   12.650363] pci 0005:00:00.0:   bridge window [mem 0x2b28000000-0x2b280fffff]
[   12.650373] pci_bus 0005:00: resource 4 [mem 0x2800000000-0x2b27ffffff pref]
[   12.650376] pci_bus 0005:00: resource 5 [mem 0x2b28000000-0x2b2fffffff]
[   12.650377] pci_bus 0005:00: resource 6 [io  0x200000-0x2fffff]
[   12.650379] pci_bus 0005:01: resource 1 [mem 0x2b28000000-0x2b280fffff]
[   12.650392] pci 0005:00:00.0: Max Payload Size set to  256/ 256 (was  128), Max Read Rq  256
[   12.650524] pci 0005:01:00.0: Max Payload Size set to  128/ 128 (was  128), Max Read Rq  128
[   12.650654] pci 0005:01:00.1: Max Payload Size set to  128/ 128 (was  128), Max Read Rq  128
[   12.650785] pci 0005:01:00.2: Max Payload Size set to  128/ 128 (was  128), Max Read Rq  128
[   12.650935] pcieport 0005:00:00.0: Adding to iommu group 21
[   12.651038] pcieport 0005:00:00.0: PME: Signaling with IRQ 200
[   12.651308] pcieport 0005:00:00.0: AER: enabled with IRQ 200
[   12.651498] serial 0005:01:00.0: Adding to iommu group 21
[   12.651582] serial 0005:01:00.0: enabling device (0000 -> 0002)
[   12.652290] serial 0005:01:00.1: Adding to iommu group 21
[   12.652366] serial 0005:01:00.1: enabling device (0000 -> 0002)
[   12.652890] serial 0005:01:00.2: Adding to iommu group 21
[   12.652965] serial 0005:01:00.2: enabling device (0000 -> 0002)
[   13.010414] Host1x-Fence: Default interface init done
[   13.049926] pstore: Using crash dump compression: deflate
[   13.049965] printk: legacy console [ramoops-1] enabled
[   13.050269] pstore: Registered ramoops as persistent store backend
[   13.050271] ramoops: using 0x200000@0x1025cc0000, ecc: 0
[   13.056815] spi-tegra114 3210000.spi: Adding to iommu group 1
[   13.058753] nvvrs_pseq 4-003c: NVVRS Vendor ID: 0x9
[   13.059045] nvvrs_pseq 4-003c: NVVRS Model Rev: 0x81
[   13.068758] nvvrs11 4-0020: NVVRS11 Vendor ID: 0x11 
[   13.069043] nvvrs11 4-0020: NVVRS11 Model Rev: 0xE1
[   13.069048] nvvrs11 4-0020: NVVRS11 probe successful
[   13.072174] nvvrs_pseq 4-003c: NVVRS PSEQ probe successful
[   13.080437] nvvrs11 4-0022: NVVRS11 Vendor ID: 0x11 
[   13.080722] nvvrs11 4-0022: NVVRS11 Model Rev: 0xE1
[   13.080725] nvvrs11 4-0022: NVVRS11 probe successful
[   13.114412] spi-tegra114 3230000.spi: Adding to iommu group 1
[   13.193064] hwmon hwmon4: temp1_input not attached to any thermal zone
[   13.193206] tegra-hda 3510000.hda: Adding to iommu group 35
[   13.193219] hwmon hwmon4: temp2_input not attached to any thermal zone
[   13.194934] tegra234-aon c000000.aon: Adding to iommu group 36
[   13.194985] nvpps c6a0000.nvpps: nvpps_probe
[   13.195385] nvpps c6a0000.nvpps: primary-emac : ethernet@6800000
[   13.195390] nvpps c6a0000.nvpps: sec-emac node not found
[   13.195494] cam_fsync c6a0000.tsc_sig_gen: CAM_FSYNC probing...
[   13.195755] cam_fsync c6a0000.tsc_sig_gen: Grouping disabled
[   13.195755]  c000000.aon:hsp: probed
[   13.195760] cam_fsync c6a0000.tsc_sig_gen: Failed to find frame sync group, creating default group
[   13.195762] cam_fsync c6a0000.tsc_sig_gen: Creating default group with id 0
[   13.195842] nvpps c6a0000.nvpps: ts-capture-interval set to 1000ms
[   13.195874] nvpps c6a0000.nvpps: PPS GPIO not provided in DT, only Timer mode available
[   13.195879] nvpps c6a0000.nvpps: Initial operating mode selected as TIMER
[   13.195886] tegra234-aon c000000.aon: init done
[   13.196013] cam_fsync c6a0000.tsc_sig_gen: Group 0 found
[   13.196345] nvpps c6a0000.nvpps: nvpps cdev(495:0)
[   13.196393] nvpps c6a0000.nvpps: tsc_res_ns(32)
[   13.197428] /bus@0/aconnect@2900000/ahub@2900800: Fixed dependency cycle(s) with /bus@0/aconnect@2900000/ahub@2900800/processing-engine@2908000
[   13.197437] /bus@0/aconnect@2900000/ahub@2900800: Fixed dependency cycle(s) with /bus@0/aconnect@2900000/ahub@2900800/asrc@2910000
[   13.197442] /bus@0/aconnect@2900000/ahub@2900800: Fixed dependency cycle(s) with /bus@0/aconnect@2900000/ahub@2900800/amixer@290bb00
[   13.197450] /bus@0/aconnect@2900000/ahub@2900800: Fixed dependency cycle(s) with /bus@0/aconnect@2900000/ahub@2900800/adx@2903b00
[   13.197454] /bus@0/aconnect@2900000/ahub@2900800: Fixed dependency cycle(s) with /bus@0/aconnect@2900000/ahub@2900800/adx@2903a00
[   13.197458] /bus@0/aconnect@2900000/ahub@2900800: Fixed dependency cycle(s) with /bus@0/aconnect@2900000/ahub@2900800/adx@2903900
[   13.197461] /bus@0/aconnect@2900000/ahub@2900800: Fixed dependency cycle(s) with /bus@0/aconnect@2900000/ahub@2900800/adx@2903800
[   13.197465] /bus@0/aconnect@2900000/ahub@2900800: Fixed dependency cycle(s) with /bus@0/aconnect@2900000/ahub@2900800/amx@2903300
[   13.197469] /bus@0/aconnect@2900000/ahub@2900800: Fixed dependency cycle(s) with /bus@0/aconnect@2900000/ahub@2900800/amx@2903200
[   13.197472] /bus@0/aconnect@2900000/ahub@2900800: Fixed dependency cycle(s) with /bus@0/aconnect@2900000/ahub@2900800/amx@2903100
[   13.197483] /bus@0/aconnect@2900000/ahub@2900800: Fixed dependency cycle(s) with /bus@0/aconnect@2900000/ahub@2900800/amx@2903000
[   13.197509] /bus@0/aconnect@2900000/ahub@2900800: Fixed dependency cycle(s) with /bus@0/aconnect@2900000/ahub@2900800/mvc@290a200
[   13.197535] /bus@0/aconnect@2900000/ahub@2900800: Fixed dependency cycle(s) with /bus@0/aconnect@2900000/ahub@2900800/mvc@290a000
[   13.197552] /bus@0/aconnect@2900000/ahub@2900800: Fixed dependency cycle(s) with /bus@0/aconnect@2900000/ahub@2900800/sfc@2902600
[   13.197569] /bus@0/aconnect@2900000/ahub@2900800: Fixed dependency cycle(s) with /bus@0/aconnect@2900000/ahub@2900800/sfc@2902400
[   13.197585] /bus@0/aconnect@2900000/ahub@2900800: Fixed dependency cycle(s) with /bus@0/aconnect@2900000/ahub@2900800/sfc@2902200
[   13.197602] /bus@0/aconnect@2900000/ahub@2900800: Fixed dependency cycle(s) with /bus@0/aconnect@2900000/ahub@2900800/sfc@2902000
[   13.197611] /bus@0/aconnect@2900000/ahub@2900800: Fixed dependency cycle(s) with /bus@0/aconnect@2900000/ahub@2900800/dmic@2904200
[   13.197623] /bus@0/aconnect@2900000/ahub@2900800: Fixed dependency cycle(s) with /bus@0/aconnect@2900000/ahub@2900800/i2s@2901500
[   13.197640] /bus@0/aconnect@2900000/ahub@2900800: Fixed dependency cycle(s) with /bus@0/aconnect@2900000/ahub@2900800/i2s@2901300
[   13.197657] /bus@0/aconnect@2900000/ahub@2900800: Fixed dependency cycle(s) with /bus@0/aconnect@2900000/ahub@2900800/i2s@2901100
[   13.197676] /bus@0/aconnect@2900000/ahub@2900800: Fixed dependency cycle(s) with /bus@0/aconnect@2900000/ahub@2900800/i2s@2901000
[   13.197696] /bus@0/aconnect@2900000/ahub@2900800: Fixed dependency cycle(s) with /bus@0/aconnect@2900000/ahub@2900800/admaif@290f000
[   13.198183] thermal-trip-event cpu-throttle-alert: cooling device registered.
[   13.198737] /bus@0/aconnect@2900000/ahub@2900800/i2s@2901000: Fixed dependency cycle(s) with /bus@0/i2c@31e0000/audio-codec@1c
[   13.204112] /bus@0/aconnect@2900000/ahub@2900800/i2s@2901000: Fixed dependency cycle(s) with /bus@0/aconnect@2900000/ahub@2900800
[   13.204142] /bus@0/aconnect@2900000/ahub@2900800/i2s@2901100: Fixed dependency cycle(s) with /bus@0/aconnect@2900000/ahub@2900800
[   13.204161] /bus@0/aconnect@2900000/ahub@2900800/i2s@2901300: Fixed dependency cycle(s) with /bus@0/aconnect@2900000/ahub@2900800
[   13.204175] /bus@0/aconnect@2900000/ahub@2900800/i2s@2901500: Fixed dependency cycle(s) with /bus@0/aconnect@2900000/ahub@2900800
[   13.204185] /bus@0/aconnect@2900000/ahub@2900800/sfc@2902000: Fixed dependency cycle(s) with /bus@0/aconnect@2900000/ahub@2900800
[   13.204193] /bus@0/aconnect@2900000/ahub@2900800/sfc@2902200: Fixed dependency cycle(s) with /bus@0/aconnect@2900000/ahub@2900800
[   13.204202] /bus@0/aconnect@2900000/ahub@2900800/sfc@2902400: Fixed dependency cycle(s) with /bus@0/aconnect@2900000/ahub@2900800
[   13.204210] /bus@0/aconnect@2900000/ahub@2900800/sfc@2902600: Fixed dependency cycle(s) with /bus@0/aconnect@2900000/ahub@2900800
[   13.204218] /bus@0/aconnect@2900000/ahub@2900800/amx@2903000: Fixed dependency cycle(s) with /bus@0/aconnect@2900000/ahub@2900800
[   13.204227] /bus@0/aconnect@2900000/ahub@2900800/amx@2903100: Fixed dependency cycle(s) with /bus@0/aconnect@2900000/ahub@2900800
[   13.204236] /bus@0/aconnect@2900000/ahub@2900800/amx@2903200: Fixed dependency cycle(s) with /bus@0/aconnect@2900000/ahub@2900800
[   13.204244] /bus@0/aconnect@2900000/ahub@2900800/amx@2903300: Fixed dependency cycle(s) with /bus@0/aconnect@2900000/ahub@2900800
[   13.204253] /bus@0/aconnect@2900000/ahub@2900800/adx@2903800: Fixed dependency cycle(s) with /bus@0/aconnect@2900000/ahub@2900800
[   13.204262] /bus@0/aconnect@2900000/ahub@2900800/adx@2903900: Fixed dependency cycle(s) with /bus@0/aconnect@2900000/ahub@2900800
[   13.204271] /bus@0/aconnect@2900000/ahub@2900800/adx@2903a00: Fixed dependency cycle(s) with /bus@0/aconnect@2900000/ahub@2900800
[   13.204279] /bus@0/aconnect@2900000/ahub@2900800/adx@2903b00: Fixed dependency cycle(s) with /bus@0/aconnect@2900000/ahub@2900800
[   13.204288] /bus@0/aconnect@2900000/ahub@2900800/dmic@2904200: Fixed dependency cycle(s) with /bus@0/aconnect@2900000/ahub@2900800
[   13.204298] /bus@0/aconnect@2900000/ahub@2900800/processing-engine@2908000: Fixed dependency cycle(s) with /bus@0/aconnect@2900000/ahub@2900800
[   13.204307] /bus@0/aconnect@2900000/ahub@2900800/mvc@290a000: Fixed dependency cycle(s) with /bus@0/aconnect@2900000/ahub@2900800
[   13.204315] /bus@0/aconnect@2900000/ahub@2900800/mvc@290a200: Fixed dependency cycle(s) with /bus@0/aconnect@2900000/ahub@2900800
[   13.204323] /bus@0/aconnect@2900000/ahub@2900800/amixer@290bb00: Fixed dependency cycle(s) with /bus@0/aconnect@2900000/ahub@2900800
[   13.204336] /bus@0/aconnect@2900000/ahub@2900800/admaif@290f000: Fixed dependency cycle(s) with /bus@0/aconnect@2900000/ahub@2900800
[   13.204875] /bus@0/aconnect@2900000/ahub@2900800/asrc@2910000: Fixed dependency cycle(s) with /bus@0/aconnect@2900000/ahub@2900800
[   13.205085] CAN device driver interface
[   13.208184] thermal-trip-event gpu-throttle-alert: cooling device registered.
[   13.210531] tegra-dce d800000.dce: Adding to iommu group 37
[   13.210573] irq: IRQ209: trimming hierarchy from :bus@0:pmc@c360000
[   13.210767] tegra-dce d800000.dce: dce-reset not supported in dce kmd
[   13.210773] tegra-dce d800000.dce: Setting DCE HSP functions for tegra234-dce
[   13.211117] at24 0-0050: 256 byte 24c02 EEPROM, read-only
[   13.211679] at24 0-0056: 256 byte 24c02 EEPROM, read-only
[   13.211910] dce: dce_ipc_channel_init_unlocked:248  Invalid Channel State [0x0] for ch_type [2]
[   13.212147] dce: tegra_dce_probe:370  Found display consumer device
[   13.212953] dce: dce_admin_send_cmd_ver:824  version : dcefw:[0x4] dcekmd:[0x4] err : [0x0]
[   13.213077] thermal-trip-event cv0-throttle-alert: cooling device registered.
[   13.213380] dce: dce_admin_setup_clients_ipc:1002 Channel Reset Complete for Type [1] ...
[   13.213386] dce: dce_admin_setup_clients_ipc:978  Get queue info failed for [2]
[   13.213604] dce: dce_admin_setup_clients_ipc:1002 Channel Reset Complete for Type [3] ...
[   13.213611] scf-pmu-drv scf-pmu: Registered T23x SCF Uncore PMU
[   13.214225] dce: dce_start_boot_flow:207  DCE_BOOT_DONE
[   13.215165] TT CAN feature is not supported
[   13.215651] 	 Message RAM Configuration
               	| base addr   |0x0c312000|
               	| sidfc_flssa |0x00000000|
               	| xidfc_flesa |0x00000040|
               	| rxf0c_f0sa  |0x000000c0|
               	| rxf1c_f1sa  |0x000009c0|
               	| rxbc_rbsa   |0x000009c0|
               	| txefc_efsa  |0x000009c0|
               	| txbc_tbsa   |0x00000a40|
               	| tmc_tmsa    |0x00000ec0|
               	| mram size   |0x00001000|
[   13.217015] Release 3.2.3 from 09.06.2018
[   13.220197] thermal-trip-event cv1-throttle-alert: cooling device registered.
[   13.222221] ivc-cdev: hypervisor not present
[   13.235445] thermal-trip-event cv2-throttle-alert: cooling device registered.
[   13.236485] gic 2a41000.interrupt-controller: GIC IRQ controller registered
[   13.241509] thermal-trip-event soc0-throttle-alert: cooling device registered.
[   13.242169] net can0: mttcan device registered (regs=00000000dcee09df, irq=214)
[   13.244991] tegra-aconnect bus@0:aconnect@2900000: Tegra ACONNECT bus registered
[   13.248007] TT CAN feature is not supported
[   13.248419] 	 Message RAM Configuration
               	| base addr   |0x0c322000|
               	| sidfc_flssa |0x00000000|
               	| xidfc_flesa |0x00000040|
               	| rxf0c_f0sa  |0x000000c0|
               	| rxf1c_f1sa  |0x000009c0|
               	| rxbc_rbsa   |0x000009c0|
               	| txefc_efsa  |0x000009c0|
               	| txbc_tbsa   |0x00000a40|
               	| tmc_tmsa    |0x00000ec0|
               	| mram size   |0x00001000|
[   13.249729] Release 3.2.3 from 09.06.2018
[   13.252166] thermal-trip-event soc1-throttle-alert: cooling device registered.
[   13.253083] nvsciipc nvsciipc: creating nvsciipc_uid sysfs group
[   13.253092] nvsciipc nvsciipc: nvsciipc_uid sysfs group: done
[   13.253184] nvsciipc: Failed to find nvsciipc node
[   13.253187] nvsciipc: loaded module
[   13.258551] thermal-trip-event soc2-throttle-alert: cooling device registered.
[   13.261969] thermal-trip-event hot-surface-alert: cooling device registered.
[   13.268980] net can1: mttcan device registered (regs=000000005c10ea05, irq=216)
[   13.298593] Bluetooth: Core ver 2.22
[   13.299031] NET: Registered PF_BLUETOOTH protocol family
[   13.299078] Bluetooth: HCI device and connection manager initialized
[   13.299089] Bluetooth: HCI socket layer initialized
[   13.299094] Bluetooth: L2CAP socket layer initialized
[   13.299106] Bluetooth: SCO socket layer initialized
[   13.302634] nvmap_heap_init: nvmap_heap_init: created heap block cache
[   13.303626] cfg80211: Loading compiled-in X.509 certificates for regulatory database
[   13.308109] nvmap_co_device_init: vpr :dma coherent mem declared,914358272
[   13.312899] tegra-carveouts tegra-carveouts: assigned reserved memory node vpr-carveout
[   13.312914] nvmap_init_ivc_queue: nvmap-sci-ipc-ivc-queue property not found
[   13.312924] nvmap_page_pool_init: Total RAM pages: 16097055
[   13.312926] nvmap_page_pool_init: nvmap page pool size: 2012131 pages (3763 MB)
[   13.312982] nvmap_background_zero_thread: PP zeroing thread starting.
[   13.313056] nvmap_heap_create: created heap vpr base 0x0000001049800000 size (892928KiB)
[   13.313081] nvmap_heap_create: fsi :dma coherent mem declared,16777216
[   13.313084] nvmap_heap_create: created heap fsi base 0x0000001032e00000 size (16384KiB)
[   13.314837] Loaded X.509 cert 'sforshee: 00b28ddf47aef9cea7'
[   13.317517] input: NVIDIA Jetson AGX Orin HDA HDMI/DP,pcm=3 as /devices/platform/bus@0/3510000.hda/sound/card0/input5
[   13.323581] Loaded X.509 cert 'wens: 61c038651aabdcf94bd0ac7ff06c7248db18c600'
[   13.328592] modprobe: dwmac_tegra: not loading in-tree driver, out-of-tree nvethernet is present
[   13.347685] input: NVIDIA Jetson AGX Orin HDA HDMI/DP,pcm=7 as /devices/platform/bus@0/3510000.hda/sound/card0/input6
[   13.348594] nvethernet 6800000.ethernet: Adding to iommu group 38
[   13.349473] nvethernet 6800000.ethernet: Virtualization is not enabled
[   13.349483] nvethernet 6800000.ethernet: failed to read skip mac reset flag, default 0
[   13.349492] nvethernet 6800000.ethernet: Failed to read nvida,disable-rx-checksum, so setting to default - rx checksum offload enabled
[   13.349496] nvethernet 6800000.ethernet: setting to default DMA bit mask
[   13.349510] nvethernet 6800000.ethernet: failed to read UPHY GBE mode- default to 10G
[   13.349581] nvethernet 6800000.ethernet: failed to read or invalid MDC CR - default to 5
[   13.349586] nvethernet 6800000.ethernet: failed to read or invalid force-restart-lane-bringup - default to 0
[   13.364589] input: NVIDIA Jetson AGX Orin HDA HDMI/DP,pcm=8 as /devices/platform/bus@0/3510000.hda/sound/card0/input7
[   13.366142] modprobe: btusb: not loading in-tree driver, out-of-tree rtk_btusb is present
[   13.367716] modprobe: btusb: not loading in-tree driver, out-of-tree rtk_btusb is present
[   13.369388] modprobe: btusb: not loading in-tree driver, out-of-tree rtk_btusb is present
[   13.370825] modprobe: btusb: not loading in-tree driver, out-of-tree rtk_btusb is present
[   13.387531] rtk_btusb: Realtek Bluetooth USB driver ver 3.1.65ab490.20240531-141726
[   13.387544] rtk_btcoex: rtk_btcoex_init: version: 1.2
[   13.387547] rtk_btcoex: create workqueue
[   13.387678] rtk_btcoex: alloc buffers 1792, 2432 for ev and l2
[   13.392280] rtk_btusb: btusb_probe intf->cur_altsetting->desc.bInterfaceNumber 0
[   13.392290] rtk_btusb: btusb_probe can_wakeup 1, may wakeup 0
[   13.392307] rtk_btusb: patch_add
[   13.392309] rtk_btusb: auto suspend is disabled
[   13.392311] rtk_btusb: pid = 0x3549
[   13.392313] rtk_btusb: patch_add: Reset gEVersion to 0xff
[   13.397890] input: NVIDIA Jetson AGX Orin HDA HDMI/DP,pcm=9 as /devices/platform/bus@0/3510000.hda/sound/card0/input8
[   13.398981] rtl88x2ce 0001:01:00.0: Adding to iommu group 5
[   13.399140] rtl88x2ce 0001:01:00.0: enabling device (0000 -> 0003)
[   13.419014] rtk_btusb: btusb_probe: done
[   13.419070] rtk_btusb: btusb_open start
[   13.419078] rtk_btusb: btusb_open hdev->promisc ==0
[   13.419080] rtk_btusb: download_patch start
[   13.419082] rtk_btusb: chip type value: 0x73
[   13.420968] rtk_btusb: chip_type->status = 0x0, chip_type->chip = 0xbeef
[   13.420974] rtk_btusb: HCI reset.
[   13.431971] rtk_btusb: read_ver_rsp->lmp_subver = 0x8822
[   13.432003] rtk_btusb: read_ver_rsp->hci_rev = 0xc
[   13.432005] rtk_btusb: patch_entry->lmp_sub = 0x8822
[   13.432007] rtk_btusb: load_firmware start
[   13.432008] rtk_btusb: lmp_version = 0x8822
[   13.432010] rtk_btusb: config filename rtl8822cu_config
[   13.433158] rtk_btusb: no bdaddr file /opt/bdaddr
[   13.433165] rtk_btusb: Origin cfg len 6
[   13.433168] rtk_btusb: 55 ab 23 87 00 00
[   13.433171] rtk_btusb: New cfg len 6
[   13.433172] rtk_btusb: 55 ab 23 87 00 00
[   13.433179] rtk_btusb: fw name is  rtl8822cu_fw
[   13.433303] usbcore: registered new interface driver rtk_btusb
[   13.434019] rtk_btusb: This is not 8723a, use new patch style!
[   13.434028] rtk_btusb: rtk_get_eversion: gEVersion 255
[   13.434718] audit: type=1400 audit(1780673792.352:2): apparmor="STATUS" operation="profile_load" profile="unconfined" name="1password" pid=490 comm="apparmor_parser"
[   13.435997] rtk_btusb: eversion->status = 0x0, eversion->version = 0x3
[   13.450914] rtk_btusb: load_firmware: New gEVersion 3
[   13.450918] rtk_btusb: rtk_get_fw_project_id: opcode 0, len 1, data 13
[   13.450921] rtk_btusb: lmp_version is 8822, project_id is 13, match!
[   13.450924] rtk_btusb: fw_version = 0xefd6d8d7
[   13.450925] rtk_btusb: number_of_total_patch = 3
[   13.450927] rtk_btusb: chipID 4
[   13.450928] rtk_btusb: patch_length 0x8660
[   13.450930] rtk_btusb: start_offset 0x00005d00
[   13.450931] rtk_btusb: Svn version: -412133102
[   13.450932] rtk_btusb: Coexistence: BTCOEX_20210106-2020
[   13.450934] rtk_btusb: buf_len = 0x8666
[   13.450960] rtk_btusb: fw: exists, config file: exists
[   13.450962] rtk_btusb: load_firmware done
[   13.450978] rtk_btusb: download_data start
[   13.457284] audit: type=1400 audit(1780673792.352:3): apparmor="STATUS" operation="profile_load" profile="unconfined" name="vscode" pid=511 comm="apparmor_parser"
[   13.473133] audit: type=1400 audit(1780673792.352:4): apparmor="STATUS" operation="profile_load" profile="unconfined" name="balena-etcher" pid=496 comm="apparmor_parser"
[   13.473139] audit: type=1400 audit(1780673792.352:5): apparmor="STATUS" operation="profile_load" profile="unconfined" name="ch-run" pid=507 comm="apparmor_parser"
[   13.473143] audit: type=1400 audit(1780673792.352:6): apparmor="STATUS" operation="profile_load" profile="unconfined" name=4D6F6E676F444220436F6D70617373 pid=492 comm="apparmor_parser"
[   13.473145] audit: type=1400 audit(1780673792.352:7): apparmor="STATUS" operation="profile_load" profile="unconfined" name="ch-checkns" pid=504 comm="apparmor_parser"
[   13.473147] audit: type=1400 audit(1780673792.352:8): apparmor="STATUS" operation="profile_load" profile="unconfined" name="QtWebEngineProcess" pid=493 comm="apparmor_parser"
[   13.473149] audit: type=1400 audit(1780673792.352:9): apparmor="STATUS" operation="profile_load" profile="unconfined" name="cam" pid=503 comm="apparmor_parser"
[   13.473151] audit: type=1400 audit(1780673792.352:10): apparmor="STATUS" operation="profile_load" profile="unconfined" name="brave" pid=498 comm="apparmor_parser"
[   13.473153] audit: type=1400 audit(1780673792.352:11): apparmor="STATUS" operation="profile_load" profile="unconfined" name="buildah" pid=500 comm="apparmor_parser"
[   13.500827] tsec 15500000.tsec: Adding to iommu group 39
[   13.608190] nvvrs-pseq-rtc nvvrs-pseq-rtc: registered as rtc0
[   13.608220] rtl88x2ce 0001:01:00.0 wlP1p1s0: renamed from wlan0
[   13.609627] tegra194-vi5 13e00000.host1x:vi0@15c00000: Adding to iommu group 40
[   13.610131] nvdla 15880000.nvdla0: Adding to iommu group 41
[   13.611042] pva_kmd 16000000.pva0: Adding to iommu group 42
[   13.612680] nvvrs-pseq-rtc nvvrs-pseq-rtc: setting system clock to 2026-09-18T19:49:08 UTC (1789760948)
[   13.619363] tegra194-vi5 13e00000.host1x:vi0@15c00000: vi5_probe: client init done
[   13.619523] tegra194-vi5 13e00000.host1x:vi0@15c00000: Unable to create debugfs entry
[   13.619775] tegra194-vi5 13e00000.host1x:vi1@14c00000: Adding to iommu group 43
[   13.620071] tegra-adma 2930000.dma-controller: Tegra210 ADMA driver registered 32 channels
[   13.621006] pva_iommu_context_dev 16000000.pva0:pva0_niso1_ctx0: Adding to iommu group 44
[   13.621067] pva_iommu_context_dev 16000000.pva0:pva0_niso1_ctx0: initialized (streamid=18)
[   13.621763] pva_iommu_context_dev 16000000.pva0:pva0_niso1_ctx1: Adding to iommu group 45
[   13.621803] pva_iommu_context_dev 16000000.pva0:pva0_niso1_ctx1: initialized (streamid=19)
[   13.623111] tegra194-vi5 13e00000.host1x:vi1@14c00000: vi5_probe: client init done
[   13.623276] tegra194-vi5 13e00000.host1x:vi1@14c00000: Unable to create debugfs entry
[   13.623295] pva_iommu_context_dev 16000000.pva0:pva0_niso1_ctx2: Adding to iommu group 46
[   13.623365] pva_iommu_context_dev 16000000.pva0:pva0_niso1_ctx2: initialized (streamid=20)
[   13.625081] pva_iommu_context_dev 16000000.pva0:pva0_niso1_ctx3: Adding to iommu group 47
[   13.625149] pva_iommu_context_dev 16000000.pva0:pva0_niso1_ctx3: initialized (streamid=21)
[   13.626514] pva_iommu_context_dev 16000000.pva0:pva0_niso1_ctx4: Adding to iommu group 48
[   13.626580] pva_iommu_context_dev 16000000.pva0:pva0_niso1_ctx4: initialized (streamid=22)
[   13.629310] pva_iommu_context_dev 16000000.pva0:pva0_niso1_ctx5: Adding to iommu group 49
[   13.629387] pva_iommu_context_dev 16000000.pva0:pva0_niso1_ctx5: initialized (streamid=23)
[   13.630064] pva_iommu_context_dev 16000000.pva0:pva0_niso1_ctx6: Adding to iommu group 50
[   13.630119] pva_iommu_context_dev 16000000.pva0:pva0_niso1_ctx6: initialized (streamid=24)
[   13.630865] pva_iommu_context_dev 16000000.pva0:pva0_niso1_ctx7: Adding to iommu group 51
[   13.630967] pva_iommu_context_dev 16000000.pva0:pva0_niso1_ctx7: initialized (streamid=25)
[   13.633356] nvdla 15880000.nvdla0: syncpt_unit_base 60000000 syncpt_unit_size 4000000 size 10000
[   13.633623] nvdla 158c0000.nvdla1: Adding to iommu group 52
[   13.635004] nvadsp 2993000.adsp: Adding to iommu group 53
[   13.635359] nvadsp 2993000.adsp: in probe()...adsp
[   13.639785] nvadsp 2993000.adsp: nvadsp_app_module_probe
[   13.640594] /bus@0/aconnect@2900000/ahub@2900800: Fixed dependency cycle(s) with /bus@0/aconnect@2900000/ahub@2900800/i2s@2901000
[   13.640655] /bus@0/aconnect@2900000/ahub@2900800/i2s@2901000: Fixed dependency cycle(s) with /bus@0/aconnect@2900000/ahub@2900800
[   13.642524] /bus@0/aconnect@2900000/ahub@2900800: Fixed dependency cycle(s) with /bus@0/aconnect@2900000/ahub@2900800/i2s@2901100
[   13.642576] /bus@0/aconnect@2900000/ahub@2900800/i2s@2901100: Fixed dependency cycle(s) with /bus@0/aconnect@2900000/ahub@2900800
[   13.643374] nvdla 158c0000.nvdla1: syncpt_unit_base 60000000 syncpt_unit_size 4000000 size 10000
[   13.644813] pva_kmd 16000000.pva0: syncpt_unit_base 60000000 syncpt_unit_size 4000000 size 10000
[   13.644968] pva_iommu_context_dev 16000000.pva0:pva0_niso1_ctx7: PVA syncpt (RO & RW) iova: 78000000, size: 4000000
[   13.645235] Allocated pva->fw_carveout
[   13.645248] pva_kmd 16000000.pva0: PVA probe completed successfully
[   13.645359] nvpva_init completed: 0. GSC boot: 1
[   13.645818] /bus@0/aconnect@2900000/ahub@2900800: Fixed dependency cycle(s) with /bus@0/aconnect@2900000/ahub@2900800/i2s@2901300
[   13.645907] /bus@0/aconnect@2900000/ahub@2900800/i2s@2901300: Fixed dependency cycle(s) with /bus@0/aconnect@2900000/ahub@2900800
[   13.654483] /bus@0/aconnect@2900000/ahub@2900800: Fixed dependency cycle(s) with /bus@0/aconnect@2900000/ahub@2900800/i2s@2901500
[   13.656245] /bus@0/aconnect@2900000/ahub@2900800/i2s@2901500: Fixed dependency cycle(s) with /bus@0/aconnect@2900000/ahub@2900800
[   13.657016] rtk_btusb: download_data done
[   13.657023] rtk_btusb: HCI reset.
[   13.658728] /bus@0/aconnect@2900000/ahub@2900800: Fixed dependency cycle(s) with /bus@0/aconnect@2900000/ahub@2900800/sfc@2902000
[   13.658782] /bus@0/aconnect@2900000/ahub@2900800/sfc@2902000: Fixed dependency cycle(s) with /bus@0/aconnect@2900000/ahub@2900800
[   13.659840] /bus@0/aconnect@2900000/ahub@2900800: Fixed dependency cycle(s) with /bus@0/aconnect@2900000/ahub@2900800/sfc@2902200
[   13.659867] /bus@0/aconnect@2900000/ahub@2900800/sfc@2902200: Fixed dependency cycle(s) with /bus@0/aconnect@2900000/ahub@2900800
[   13.660865] /bus@0/aconnect@2900000/ahub@2900800: Fixed dependency cycle(s) with /bus@0/aconnect@2900000/ahub@2900800/sfc@2902400
[   13.660894] /bus@0/aconnect@2900000/ahub@2900800/sfc@2902400: Fixed dependency cycle(s) with /bus@0/aconnect@2900000/ahub@2900800
[   13.661330] /bus@0/aconnect@2900000/ahub@2900800: Fixed dependency cycle(s) with /bus@0/aconnect@2900000/ahub@2900800/sfc@2902600
[   13.661373] /bus@0/aconnect@2900000/ahub@2900800/sfc@2902600: Fixed dependency cycle(s) with /bus@0/aconnect@2900000/ahub@2900800
[   13.661753] /bus@0/aconnect@2900000/ahub@2900800: Fixed dependency cycle(s) with /bus@0/aconnect@2900000/ahub@2900800/amx@2903000
[   13.661782] /bus@0/aconnect@2900000/ahub@2900800/amx@2903000: Fixed dependency cycle(s) with /bus@0/aconnect@2900000/ahub@2900800
[   13.662189] /bus@0/aconnect@2900000/ahub@2900800: Fixed dependency cycle(s) with /bus@0/aconnect@2900000/ahub@2900800/amx@2903100
[   13.662222] /bus@0/aconnect@2900000/ahub@2900800/amx@2903100: Fixed dependency cycle(s) with /bus@0/aconnect@2900000/ahub@2900800
[   13.662532] /bus@0/aconnect@2900000/ahub@2900800: Fixed dependency cycle(s) with /bus@0/aconnect@2900000/ahub@2900800/amx@2903200
[   13.663009] /bus@0/aconnect@2900000/ahub@2900800/amx@2903200: Fixed dependency cycle(s) with /bus@0/aconnect@2900000/ahub@2900800
[   13.664060] /bus@0/aconnect@2900000/ahub@2900800: Fixed dependency cycle(s) with /bus@0/aconnect@2900000/ahub@2900800/amx@2903300
[   13.664093] /bus@0/aconnect@2900000/ahub@2900800/amx@2903300: Fixed dependency cycle(s) with /bus@0/aconnect@2900000/ahub@2900800
[   13.667968] rtk_btusb: read_ver_rsp->lmp_subver = 0xd8d7
[   13.667990] rtk_btusb: read_ver_rsp->hci_rev = 0xefd6
[   13.667992] rtk_btusb: patch_entry->lmp_sub = 0x8822
[   13.668005] rtk_btusb: Rtk patch end 0
[   13.668008] rtk_btusb: chip type value: 0x73
[   13.668009] rtk_btusb: btusb_open set HCI UP RUNNING
[   13.668031] rtk_btcoex: Open BTCOEX
[   13.668035] rtk_btusb: btusb_open end
[   13.669831] /bus@0/aconnect@2900000/ahub@2900800: Fixed dependency cycle(s) with /bus@0/aconnect@2900000/ahub@2900800/adx@2903800
[   13.671544] /bus@0/aconnect@2900000/ahub@2900800/adx@2903800: Fixed dependency cycle(s) with /bus@0/aconnect@2900000/ahub@2900800
[   13.672945] /bus@0/aconnect@2900000/ahub@2900800: Fixed dependency cycle(s) with /bus@0/aconnect@2900000/ahub@2900800/adx@2903900
[   13.672992] /bus@0/aconnect@2900000/ahub@2900800/adx@2903900: Fixed dependency cycle(s) with /bus@0/aconnect@2900000/ahub@2900800
[   13.673532] /bus@0/aconnect@2900000/ahub@2900800: Fixed dependency cycle(s) with /bus@0/aconnect@2900000/ahub@2900800/adx@2903a00
[   13.673562] /bus@0/aconnect@2900000/ahub@2900800/adx@2903a00: Fixed dependency cycle(s) with /bus@0/aconnect@2900000/ahub@2900800
[   13.673993] /bus@0/aconnect@2900000/ahub@2900800: Fixed dependency cycle(s) with /bus@0/aconnect@2900000/ahub@2900800/adx@2903b00
[   13.674015] /bus@0/aconnect@2900000/ahub@2900800/adx@2903b00: Fixed dependency cycle(s) with /bus@0/aconnect@2900000/ahub@2900800
[   13.674447] /bus@0/aconnect@2900000/ahub@2900800: Fixed dependency cycle(s) with /bus@0/aconnect@2900000/ahub@2900800/dmic@2904200
[   13.674484] /bus@0/aconnect@2900000/ahub@2900800/dmic@2904200: Fixed dependency cycle(s) with /bus@0/aconnect@2900000/ahub@2900800
[   13.674816] /bus@0/aconnect@2900000/ahub@2900800: Fixed dependency cycle(s) with /bus@0/aconnect@2900000/ahub@2900800/processing-engine@2908000
[   13.674840] /bus@0/aconnect@2900000/ahub@2900800/processing-engine@2908000: Fixed dependency cycle(s) with /bus@0/aconnect@2900000/ahub@2900800
[   13.675120] /bus@0/aconnect@2900000/ahub@2900800: Fixed dependency cycle(s) with /bus@0/aconnect@2900000/ahub@2900800/mvc@290a000
[   13.675141] /bus@0/aconnect@2900000/ahub@2900800/mvc@290a000: Fixed dependency cycle(s) with /bus@0/aconnect@2900000/ahub@2900800
[   13.675488] /bus@0/aconnect@2900000/ahub@2900800: Fixed dependency cycle(s) with /bus@0/aconnect@2900000/ahub@2900800/mvc@290a200
[   13.677545] /bus@0/aconnect@2900000/ahub@2900800/mvc@290a200: Fixed dependency cycle(s) with /bus@0/aconnect@2900000/ahub@2900800
[   13.678835] /bus@0/aconnect@2900000/ahub@2900800: Fixed dependency cycle(s) with /bus@0/aconnect@2900000/ahub@2900800/amixer@290bb00
[   13.678865] /bus@0/aconnect@2900000/ahub@2900800/amixer@290bb00: Fixed dependency cycle(s) with /bus@0/aconnect@2900000/ahub@2900800
[   13.679913] /bus@0/aconnect@2900000/ahub@2900800: Fixed dependency cycle(s) with /bus@0/aconnect@2900000/ahub@2900800/admaif@290f000
[   13.679938] /bus@0/aconnect@2900000/ahub@2900800/admaif@290f000: Fixed dependency cycle(s) with /bus@0/aconnect@2900000/ahub@2900800
[   13.681799] /bus@0/aconnect@2900000/ahub@2900800: Fixed dependency cycle(s) with /bus@0/aconnect@2900000/ahub@2900800/asrc@2910000
[   13.681867] /bus@0/aconnect@2900000/ahub@2900800/asrc@2910000: Fixed dependency cycle(s) with /bus@0/aconnect@2900000/ahub@2900800
[   13.682987] rtk_btcoex: BTCOEX hci_rev 0xefd6
[   13.682998] rtk_btcoex: BTCOEX lmp_subver 0xd8d7
[   13.684159] rtk_btcoex: rtk_vendor_cmd_to_fw: opcode 0xfc1b
[   13.714968] rtk_btusb: btusb_notify: hci0 evt 3
[   13.720380] tegra210-admaif 290f000.admaif: Adding to iommu group 53
[   13.739580] tsec 15500000.tsec: tsec fw req success in 100 ms
[   13.740307] nvethernet 6800000.ethernet: macsec parameter is missing or disabled
[   13.740313] nvethernet 6800000.ethernet: Macsec not supported/Not enabled
[   13.742683] nvethernet 6800000.ethernet: eth0 created with 10 DMA channels
[   13.745294] nvethernet 6800000.ethernet end0: renamed from eth0
[   13.748898] tsec 15500000.tsec: RISC-V booting from GSC
[   13.755059] tsec 15500000.tsec: RISC-V boot success
[   13.833959] input: NVIDIA Jetson AGX Orin APE Headset Jack as /devices/platform/sound/sound/card1/input9
[   13.839788] tegra-audio-graph-card sound: Registered APE graph sound card with DPCM links for AHUB
[   13.847657] tegra-mixer-controls sound:mixer-controls: Begin probe of override control device
[   13.849051] tegra-mixer-controls sound:mixer-controls: Registered override controls for APE sound card
[   15.763112] rtk_btusb: btusb_flush add delay 
[   15.773168] rtk_btusb: btusb_close
[   15.783984] rtk_btcoex: Close BTCOEX
[   15.783993] rtk_btcoex: -x
[   16.405242] nv_nvsciipc_init.sh[974]: found /dev/nvsciipc
[   16.411308] nvsciipc: nvsciipc_uid is set as 2000
[   16.411345] nv_nvsciipc_init.sh[974]: set 2000 to /sys/devices/platform/nvsciipc/nvsciipc_uid
[   16.658831] nvsciipc: Failed to find nvsciipc node
[   16.686485] nvsciipc: set_db start
[   16.686537] nvsciipc: set_db done
[   16.687838] loop0: detected capacity change from 0 to 32768
[   16.729635] Consider using thermal netlink events interface
[   16.800630] Bluetooth: BNEP (Ethernet Emulation) ver 1.3
[   16.800637] Bluetooth: BNEP filters: protocol multicast
[   16.800644] Bluetooth: BNEP socket layer initialized
[   16.802771] Bluetooth: MGMT ver 1.22
[   16.819143] NET: Registered PF_ALG protocol family
[   16.862022] rtk_btusb: btusb_open start
[   16.862031] rtk_btusb: btusb_open hdev->promisc ==0
[   16.862032] rtk_btusb: download_patch start
[   16.862034] rtk_btusb: chip type value: 0x73
[   16.864149] rtk_btusb: chip_type->status = 0x0, chip_type->chip = 0xbeef
[   16.864162] rtk_btusb: HCI reset.
[   16.865986] nvgpu: 17000000.gpu              nvgpu_get_nvhost_dev:114  [INFO]  host1x device found at iteration 0

[   16.866001] nvgpu: 17000000.gpu          nvgpu_nvhost_syncpt_init:156  [INFO]  syncpt_unit_base 60000000 syncpt_unit_size 4000000 size 10000 number of syncpoints 200

[   16.876974] rtk_btusb: read_ver_rsp->lmp_subver = 0xd8d7
[   16.876987] rtk_btusb: read_ver_rsp->hci_rev = 0xefd6
[   16.876990] rtk_btusb: patch_entry->lmp_sub = 0x8822
[   16.876993] rtk_btusb: Firmware already exists
[   16.876997] rtk_btusb: Rtk patch end 1
[   16.877002] rtk_btusb: chip type value: 0x73
[   16.877005] rtk_btusb: btusb_open set HCI UP RUNNING
[   16.877031] rtk_btcoex: Open BTCOEX
[   16.877035] rtk_btusb: btusb_open end
[   16.891484] rtk_btcoex: BTCOEX hci_rev 0xefd6
[   16.891497] rtk_btcoex: BTCOEX lmp_subver 0xd8d7
[   16.891992] rtk_btcoex: rtk_vendor_cmd_to_fw: opcode 0xfc1b
[   16.949042] nv_platform 13800000.display: Adding to iommu group 54
[   16.949184] iommu smmu.0x0000000010000000: IOMMU driver was not able to establish FW requested direct mapping.
[   17.020369] IRQ217: set affinity failed(-22).
[   17.025016] psci: CPU8 killed (polled 0 ms)
[   17.028413] platform 13800000.display:nvdisplay-niso: Adding to iommu group 55
[   17.029722] NVRM: loading NVIDIA UNIX Open Kernel Module for aarch64  TempVersion  Release Build  (r595_00)  (demo-user@demo)  Thu Sep 17 07:28:39 PM MDT 2026
[   17.100179] cpufreq: cpu10,cur:1958000,set:1804800,delta:153200,set ndiv:141
[   17.111221] IRQ217: set affinity failed(-22).
[   17.115913] psci: CPU9 killed (polled 0 ms)
[   17.117709] loop1: detected capacity change from 0 to 8
[   17.117961] NET: Registered PF_QIPCRTR protocol family
[   17.129944] nvidia-modeset: Loading NVIDIA UNIX Open Kernel Mode Setting Driver for aarch64  TempVersion  Release Build  (r595_00)  (demo-user@demo)  Thu Sep 17 07:28:40 PM MDT 2026
[   17.248050] cpufreq: cpu11,cur:1957000,set:729600,delta:1227400,set ndiv:57
[   17.258240] IRQ217: set affinity failed(-22).
[   17.263024] psci: CPU10 killed (polled 0 ms)
[   17.265649] Mass Storage Function, version: 2009/09/11
[   17.265658] LUN: removable file: (no medium)
[   17.352420] IRQ217: set affinity failed(-22).
[   17.358020] psci: CPU11 killed (polled 0 ms)
[   17.360057] [drm] [nvidia-drm] [GPU ID 0xfffffffe] Loading driver
[   17.366417] nvgpu: 17000000.gpu                    ga10b_init_hal:2237 [INFO]  Semaphore-based GP_GET tracking is not intended for GA10B production drivers

[   17.374625] configfs-gadget.l4t gadget.0: HOST MAC 3a:af:79:69:49:18
[   17.374635] configfs-gadget.l4t gadget.0: MAC 3a:af:79:69:49:19
[   17.374899] configfs-gadget.l4t gadget.0: HOST MAC 3a:af:79:69:49:1a
[   17.374902] configfs-gadget.l4t gadget.0: MAC 3a:af:79:69:49:1b
[   17.374919] tegra-xudc 3550000.usb: EP 0 (type: ctrl, dir: out) enabled
[   17.376764] l4tbr0: port 1(usb0) entered blocking state
[   17.376771] l4tbr0: port 1(usb0) entered disabled state
[   17.376794] configfs-gadget.l4t gadget.0 usb0: entered allmulticast mode
[   17.376868] configfs-gadget.l4t gadget.0 usb0: entered promiscuous mode
[   17.387367] loop0: detected capacity change from 0 to 32768
[   17.555495] nvgpu: 17000000.gpu                  gk20a_scale_init:648  [INFO]  No specific device tree OPP table, using default frequency table
[   17.557291] nvgpu: 17000000.gpu                  gk20a_scale_init:680  [INFO]  enabled scaling for GPU

[   17.561670] nvgpu: 17000000.gpu                  gk20a_scale_init:694  [INFO]  DevFreq cooling device registered successfully
[   17.704065] tegra-xudc 3550000.usb: EP 5 (type: intr, dir: in) enabled
[   17.704094] tegra-xudc 3550000.usb: EP 3 (type: bulk, dir: in) enabled
[   17.704111] tegra-xudc 3550000.usb: EP 2 (type: bulk, dir: out) enabled
[   17.704188] tegra-xudc 3550000.usb: EP 9 (type: intr, dir: in) enabled
[   17.704206] tegra-xudc 3550000.usb: EP 7 (type: bulk, dir: in) enabled
[   17.704219] tegra-xudc 3550000.usb: EP 4 (type: bulk, dir: out) enabled
[   17.704245] tegra-xudc 3550000.usb: EP 15 (type: intr, dir: in) enabled
[   17.704264] tegra-xudc 3550000.usb: EP 11 (type: bulk, dir: in) enabled
[   17.704291] tegra-xudc 3550000.usb: EP 6 (type: bulk, dir: out) enabled
[   17.710559] tegra-xudc 3550000.usb: EP 13 (type: bulk, dir: in) enabled
[   17.710587] tegra-xudc 3550000.usb: EP 8 (type: bulk, dir: out) enabled
[   17.726542] tegra-xudc 3550000.usb: ep 13 disabled
[   17.726568] tegra-xudc 3550000.usb: ep 8 disabled
[   17.750690] tegra-xudc 3550000.usb: EP 13 (type: bulk, dir: in) enabled
[   17.750724] tegra-xudc 3550000.usb: EP 8 (type: bulk, dir: out) enabled
[   17.763626] [drm] Initialized nvidia-drm 0.0.0 20160202 for 13800000.display on minor 2
[   17.780289] Console: switching to colour dummy device 80x25
[   18.241213] Console: switching to colour frame buffer device 240x67
[   18.274595] nv_platform 13800000.display: [drm] fb0: nvidia-drmdrmfb frame buffer device
[   18.600040] nvethernet 6800000.ethernet: IVC channel not reserved - virtualization disabled
[   18.630721] irq: IRQ272: trimming hierarchy from :bus@0:interrupt-controller@f400000-1
[   19.280623] hwmon hwmon8: temp1_input not attached to any thermal zone
[   20.182533] Aquantia AQR113C 6800000.ethernet:00: No AQR phy_mode setting in DT
[   20.183504] l4tbr0: port 1(usb0) entered blocking state
[   20.183529] l4tbr0: port 1(usb0) entered forwarding state
[   20.206207] rtl8822ce_interrupt: 125 callbacks suppressed
[   20.672402] nvgpu: 17000000.gpu                 tpc_pg_mask_store:2240 [INFO]  no value change, same mask already set
[   24.050221] Bluetooth: RFCOMM TTY layer initialized
[   24.050244] Bluetooth: RFCOMM socket layer initialized
[   24.050257] Bluetooth: RFCOMM ver 1.11
[   24.064004] nvethernet 6800000.ethernet: [xpcs_lane_bring_up][798][type:0x4][loga-0x0] PCS block lock SUCCESS
[   24.089337] nvethernet 6800000.ethernet end0: Link is Up - 1Gbps/Full - flow control rx/tx
[   25.273869] systemd-journald[261]: Time jumped backwards, rotating.
[   27.056389] rfkill: input handler disabled
[   27.624243] tegra186-emc 2c60000.external-memory-controller: sync_state() pending due to 15820000.crypto
[   27.624262] tegra-mc 2c00000.memory-controller: sync_state() pending due to 15820000.crypto
[   27.624265] tegra186-emc 2c60000.external-memory-controller: sync_state() pending due to 15840000.crypto
[   27.624267] tegra-mc 2c00000.memory-controller: sync_state() pending due to 15840000.crypto
[   27.624276] tegra186-emc 2c60000.external-memory-controller: sync_state() pending due to 13e00000.host1x:vi0-thi@15f00000
[   27.624278] tegra-mc 2c00000.memory-controller: sync_state() pending due to 13e00000.host1x:vi0-thi@15f00000
[   27.624282] tegra186-emc 2c60000.external-memory-controller: sync_state() pending due to 13e00000.host1x:vi1-thi@14f00000
[   27.624285] tegra-mc 2c00000.memory-controller: sync_state() pending due to 13e00000.host1x:vi1-thi@14f00000
[   50.612555] loop1: detected capacity change from 0 to 8
[?2004horin@tegra-ubuntu:~$ exit
[?2004lexit

Script done on 2026-09-18 19:50:08+00:00 [COMMAND_EXIT_CODE="0"]
